CID,SMILES,SMILES_original,IUPACName,MW,MolFormula,InChIKey,std_ok,is_saponin,compound_name,fragment_annotation,source,data_quality
71628,CC[C@H](CC[C@@H](C)C1CC[C@H]2[C@@H]3CC=C4CC(O[C@@H]5O[C@H](CO)[C@@H](O)[C@H](O)[C@H]5O)CC[C@]4(C)[C@H]3CC[C@]12C)C(C)C,CC[C@H](CC[C@@H](C)C1CC[C@@H]2[C@@]1(CC[C@H]3[C@H]2CC=C4[C@@]3(CCC(C4)O[C@H]5[C@@H]([C@H]([C@@H]([C@H](O5)CO)O)O)O)C)C)C(C)C,"(2R,3R,4S,5S,6R)-2-[[(8S,9S,10R,13R,14S)-17-[(2R,5R)-5-ethyl-6-methylheptan-2-yl]-10,13-dimethyl-2,3,4,7,8,9,11,12,14,15,16,17-dodecahydro-1H-cyclopenta[a]phenanthren-3-yl]oxy]-6-(hydroxymethyl)oxane-3,4,5-triol",576.8,C35H60O6,NPJICTMALKLTFW-QYDWNGEASA-N,True,True,,,PubChem,auto
119245,C[C@@H]1CC[C@@]2(OC1)O[C@H]1C[C@H]3[C@@H]4CC=C5C[C@@H](O[C@@H]6O[C@H](CO)[C@@H](O[C@@H]7O[C@@H](C)[C@H](O)[C@@H](O)[C@H]7O)[C@H](O)[C@H]6O[C@@H]6O[C@@H](C)[C@H](O)[C@@H](O)[C@H]6O)CC[C@]5(C)[C@H]4CC[C@]3(C)[C@H]1[C@@H]2C,C[C@@H]1CC[C@@]2([C@H]([C@H]3[C@@H](O2)C[C@@H]4[C@@]3(CC[C@H]5[C@H]4CC=C6[C@@]5(CC[C@@H](C6)O[C@H]7[C@@H]([C@H]([C@@H]([C@H](O7)CO)O[C@H]8[C@@H]([C@@H]([C@H]([C@@H](O8)C)O)O)O)O)O[C@H]9[C@@H]([C@@H]([C@H]([C@@H](O9)C)O)O)O)C)C)C)OC1,"(2S,3R,4R,5R,6S)-2-[(2R,3S,4S,5R,6R)-4-hydroxy-2-(hydroxymethyl)-6-[(1S,2S,4S,5'R,6R,7S,8R,9S,12S,13R,16S)-5',7,9,13-tetramethylspiro[5-oxapentacyclo[10.8.0.02,9.04,8.013,18]icos-18-ene-6,2'-oxane]-16-yl]oxy-5-[(2S,3R,4R,5R,6S)-3,4,5-trihydroxy-6-methyloxan-2-yl]oxyoxan-3-yl]oxy-6-methyloxane-3,4,5-triol",869.0,C45H72O16,VNONINPVFQTJOC-ZGXDEBHDSA-N,True,True,,,PubChem,auto
156783,CC1CCC2(OC1)OC1CC3C4CC=C5CC(OC6OC(COC7OC(C)C(O)C(O)C7OC7OC(CO)C(OC8OC(CO)C(O)C(O)C8O)C(O)C7O)C(O)C(O)C6O)CCC5(C)C4CCC3(C)C1C2C,CC1CCC2(C(C3C(O2)CC4C3(CCC5C4CC=C6C5(CCC(C6)OC7C(C(C(C(O7)COC8C(C(C(C(O8)C)O)O)OC9C(C(C(C(O9)CO)OC2C(C(C(C(O2)CO)O)O)O)O)O)O)O)O)C)C)C)OC1,"2-[6-[4,5-dihydroxy-6-methyl-2-[[3,4,5-trihydroxy-6-(5',7,9,13-tetramethylspiro[5-oxapentacyclo[10.8.0.02,9.04,8.013,18]icos-18-ene-6,2'-oxane]-16-yl)oxyoxan-2-yl]methoxy]oxan-3-yl]oxy-4,5-dihydroxy-2-(hydroxymethyl)oxan-3-yl]oxy-6-(hydroxymethyl)oxane-3,4,5-triol",1047.2,C51H82O22,QBFOXISCLSPTBT-UHFFFAOYSA-N,True,True,,,PubChem,auto
156784,CC1CCC2(OC1)OC1CC3C4CC=C5CC(OC6OC(COC7OC(C)C(O)C(O)C7OC7OC(CO)C(O)C(O)C7O)C(O)C(O)C6O)CCC5(C)C4CCC3(C)C1C2C,CC1CCC2(C(C3C(O2)CC4C3(CCC5C4CC=C6C5(CCC(C6)OC7C(C(C(C(O7)COC8C(C(C(C(O8)C)O)O)OC9C(C(C(C(O9)CO)O)O)O)O)O)O)C)C)C)OC1,"2-[4,5-dihydroxy-6-methyl-2-[[3,4,5-trihydroxy-6-(5',7,9,13-tetramethylspiro[5-oxapentacyclo[10.8.0.02,9.04,8.013,18]icos-18-ene-6,2'-oxane]-16-yl)oxyoxan-2-yl]methoxy]oxan-3-yl]oxy-6-(hydroxymethyl)oxane-3,4,5-triol",885.0,C45H72O17,CLTHDRYPLHEQEI-UHFFFAOYSA-N,True,True,,,PubChem,auto
158595,CC1CCC2(OC1)OC1CC3C4CCC5CC(OC6OC(COC7OC(C)C(O)C(O)C7O)C(OC7OCC(O)C(O)C7O)C(O)C6OC6OC(CO)C(O)C(O)C6O)CCC5(C)C4CCC3(C)C1C2C,CC1CCC2(C(C3C(O2)CC4C3(CCC5C4CCC6C5(CCC(C6)OC7C(C(C(C(O7)COC8C(C(C(C(O8)C)O)O)O)OC9C(C(C(CO9)O)O)O)O)OC2C(C(C(C(O2)CO)O)O)O)C)C)C)OC1,"2-[[4-hydroxy-6-(5',7,9,13-tetramethylspiro[5-oxapentacyclo[10.8.0.02,9.04,8.013,18]icosane-6,2'-oxane]-16-yl)oxy-5-[3,4,5-trihydroxy-6-(hydroxymethyl)oxan-2-yl]oxy-3-(3,4,5-trihydroxyoxan-2-yl)oxyoxan-2-yl]methoxy]-6-methyloxane-3,4,5-triol",1019.2,C50H82O21,FFAHEGKVGQPZOA-UHFFFAOYSA-N,True,True,,,PubChem,auto
158604,CC1CCC2(OC1)OC1CC3C4CCC5CC(OC6OC(COC7OC(C)C(O)C(O)C7O)C(OC7OCC(O)C(O)C7O)C(O)C6O)CCC5(C)C4CCC3(C)C1C2C,CC1CCC2(C(C3C(O2)CC4C3(CCC5C4CCC6C5(CCC(C6)OC7C(C(C(C(O7)COC8C(C(C(C(O8)C)O)O)O)OC9C(C(C(CO9)O)O)O)O)O)C)C)C)OC1,"2-[[4,5-dihydroxy-6-(5',7,9,13-tetramethylspiro[5-oxapentacyclo[10.8.0.02,9.04,8.013,18]icosane-6,2'-oxane]-16-yl)oxy-3-(3,4,5-trihydroxyoxan-2-yl)oxyoxan-2-yl]methoxy]-6-methyloxane-3,4,5-triol",857.0,C44H72O16,QLZSPAKBIBSDEQ-UHFFFAOYSA-N,True,True,,,PubChem,auto
159861,C[C@@H]1CC[C@@]2(OC1)O[C@H]1C[C@H]3[C@@H]4CC=C5C[C@@H](O[C@@H]6O[C@H](CO)[C@@H](O)[C@H](O[C@@H]7O[C@H](CO)[C@@H](O)[C@H](O)[C@H]7O)[C@H]6O[C@@H]6O[C@@H](C)[C@H](O)[C@@H](O)[C@H]6O)CC[C@]5(C)[C@H]4CC[C@]3(C)[C@H]1[C@@H]2C,C[C@@H]1CC[C@@]2([C@H]([C@H]3[C@@H](O2)C[C@@H]4[C@@]3(CC[C@H]5[C@H]4CC=C6[C@@]5(CC[C@@H](C6)O[C@H]7[C@@H]([C@H]([C@@H]([C@H](O7)CO)O)O[C@H]8[C@@H]([C@H]([C@@H]([C@H](O8)CO)O)O)O)O[C@H]9[C@@H]([C@@H]([C@H]([C@@H](O9)C)O)O)O)C)C)C)OC1,"(2S,3R,4R,5R,6S)-2-[(2R,3R,4S,5R,6R)-5-hydroxy-6-(hydroxymethyl)-2-[(1S,2S,4S,5'R,6R,7S,8R,9S,12S,13R,16S)-5',7,9,13-tetramethylspiro[5-oxapentacyclo[10.8.0.02,9.04,8.013,18]icos-18-ene-6,2'-oxane]-16-yl]oxy-4-[(2S,3R,4S,5S,6R)-3,4,5-trihydroxy-6-(hydroxymethyl)oxan-2-yl]oxyoxan-3-yl]oxy-6-methyloxane-3,4,5-triol",885.0,C45H72O17,YQEMAEKYNNOCBY-IEMDQPGHSA-N,True,True,,,PubChem,auto
176233,C[C@@H]1CC[C@@]2(OC1)O[C@H]1C[C@H]3[C@@H]4CC=C5C[C@@H](O[C@@H]6O[C@H](CO)[C@@H](O[C@@H]7O[C@@H](C)[C@H](O[C@@H]8O[C@@H](C)[C@H](O)[C@@H](O)[C@H]8O)[C@@H](O)[C@H]7O)[C@H](O)[C@H]6O[C@@H]6O[C@@H](C)[C@H](O)[C@@H](O)[C@H]6O)CC[C@]5(C)[C@H]4CC[C@]3(C)[C@@]1(O)[C@@H]2C,C[C@@H]1CC[C@@]2([C@H]([C@]3([C@@H](O2)C[C@@H]4[C@@]3(CC[C@H]5[C@H]4CC=C6[C@@]5(CC[C@@H](C6)O[C@H]7[C@@H]([C@H]([C@@H]([C@H](O7)CO)O[C@H]8[C@@H]([C@@H]([C@H]([C@@H](O8)C)O[C@H]9[C@@H]([C@@H]([C@H]([C@@H](O9)C)O)O)O)O)O)O)O[C@H]2[C@@H]([C@@H]([C@H]([C@@H](O2)C)O)O)O)C)C)O)C)OC1,"(2S,3R,4R,5R,6S)-2-[(2S,3R,4S,5R,6S)-4,5-dihydroxy-6-[(2R,3S,4S,5R,6R)-4-hydroxy-2-(hydroxymethyl)-6-[(1R,2S,4S,5'R,6R,7S,8S,9S,12S,13R,16S)-8-hydroxy-5',7,9,13-tetramethylspiro[5-oxapentacyclo[10.8.0.02,9.04,8.013,18]icos-18-ene-6,2'-oxane]-16-yl]oxy-5-[(2S,3R,4R,5R,6S)-3,4,5-trihydroxy-6-methyloxan-2-yl]oxyoxan-3-yl]oxy-2-methyloxan-3-yl]oxy-6-methyloxane-3,4,5-triol",1031.2,C51H82O21,FBFJAXUYHGSVFN-IYUYFXHASA-N,True,True,,,PubChem,auto
271916,CC1CCC2(OC1)OC1CC3C4CC=C5CC(OC6OC(CO)C(OC7OC(C)C(O)C(O)C7O)C(O)C6OC6OC(C)C(O)C(O)C6O)CCC5(C)C4CCC3(C)C1C2C,CC1CCC2(C(C3C(O2)CC4C3(CCC5C4CC=C6C5(CCC(C6)OC7C(C(C(C(O7)CO)OC8C(C(C(C(O8)C)O)O)O)O)OC9C(C(C(C(O9)C)O)O)O)C)C)C)OC1,"2-[4-hydroxy-2-(hydroxymethyl)-6-(5',7,9,13-tetramethylspiro[5-oxapentacyclo[10.8.0.02,9.04,8.013,18]icos-18-ene-6,2'-oxane]-16-yl)oxy-5-(3,4,5-trihydroxy-6-methyloxan-2-yl)oxyoxan-3-yl]oxy-6-methyloxane-3,4,5-triol",869.0,C45H72O16,VNONINPVFQTJOC-UHFFFAOYSA-N,True,True,,,PubChem,auto
296119,CCC(CCC(C)C1CCC2C3CC=C4CC(OC5OC(CO)C(O)C(O)C5O)CCC4(C)C3CCC12C)C(C)C,CCC(CCC(C)C1CCC2C1(CCC3C2CC=C4C3(CCC(C4)OC5C(C(C(C(O5)CO)O)O)O)C)C)C(C)C,"2-[[17-(5-ethyl-6-methylheptan-2-yl)-10,13-dimethyl-2,3,4,7,8,9,11,12,14,15,16,17-dodecahydro-1H-cyclopenta[a]phenanthren-3-yl]oxy]-6-(hydroxymethyl)oxane-3,4,5-triol",576.8,C35H60O6,NPJICTMALKLTFW-UHFFFAOYSA-N,True,True,,,PubChem,auto
328441,CC1CCC2(OC1)OC1CC3C4CC=C5CC(OC6OC(CO)C(OC7OC(C)C(OC8OC(C)C(O)C(O)C8O)C(O)C7O)C(O)C6OC6OC(C)C(O)C(O)C6O)CCC5(C)C4CCC3(C)C1C2C,CC1CCC2(C(C3C(O2)CC4C3(CCC5C4CC=C6C5(CCC(C6)OC7C(C(C(C(O7)CO)OC8C(C(C(C(O8)C)OC9C(C(C(C(O9)C)O)O)O)O)O)O)OC2C(C(C(C(O2)C)O)O)O)C)C)C)OC1,"2-[4,5-dihydroxy-6-[4-hydroxy-2-(hydroxymethyl)-6-(5',7,9,13-tetramethylspiro[5-oxapentacyclo[10.8.0.02,9.04,8.013,18]icos-18-ene-6,2'-oxane]-16-yl)oxy-5-(3,4,5-trihydroxy-6-methyloxan-2-yl)oxyoxan-3-yl]oxy-2-methyloxan-3-yl]oxy-6-methyloxane-3,4,5-triol",1015.2,C51H82O20,OZIHYFWYFUSXIS-UHFFFAOYSA-N,True,True,,,PubChem,auto
440145,CC(C)CCC[C@@H](C)[C@H]1CC[C@H]2[C@@H]3CC=C4C[C@@H](O[C@@H]5O[C@H](CO)[C@@H](O)[C@H](O)[C@H]5O)CC[C@]4(C)[C@H]3CC[C@]12C,C[C@H](CCCC(C)C)[C@H]1CC[C@@H]2[C@@]1(CC[C@H]3[C@H]2CC=C4[C@@]3(CC[C@@H](C4)O[C@H]5[C@@H]([C@H]([C@@H]([C@H](O5)CO)O)O)O)C)C,"(2R,3R,4S,5S,6R)-2-[[(3S,8S,9S,10R,13R,14S,17R)-10,13-dimethyl-17-[(2R)-6-methylheptan-2-yl]-2,3,4,7,8,9,11,12,14,15,16,17-dodecahydro-1H-cyclopenta[a]phenanthren-3-yl]oxy]-6-(hydroxymethyl)oxane-3,4,5-triol",548.8,C33H56O6,FSMCJUNYLQOAIM-UQBZCTSOSA-N,True,True,,,PubChem,auto
440517,C[C@H]1[C@H]2[C@H](C[C@H]3[C@@H]4CC=C5C[C@@H](O[C@@H]6O[C@H](CO)[C@@H](O)[C@H](O)[C@H]6O)CC[C@]5(C)[C@H]4CC[C@]23C)O[C@]12CC[C@@](C)(CO)O2,C[C@H]1[C@H]2[C@H](C[C@@H]3[C@@]2(CC[C@H]4[C@H]3CC=C5[C@@]4(CC[C@@H](C5)O[C@H]6[C@@H]([C@H]([C@@H]([C@H](O6)CO)O)O)O)C)C)O[C@]17CC[C@@](O7)(C)CO,"(2R,3S,4S,5R,6R)-2-(hydroxymethyl)-6-[(1S,2S,4S,5'S,6S,7S,8R,9S,12S,13R,16S)-5'-(hydroxymethyl)-5',7,9,13-tetramethylspiro[5-oxapentacyclo[10.8.0.02,9.04,8.013,18]icos-18-ene-6,2'-oxolane]-16-yl]oxyoxane-3,4,5-triol",592.8,C33H52O9,QJEQHVALLZCTGC-HPNIRRCESA-N,True,True,,,PubChem,auto
441884,C[C@@H]1CC[C@@]2(OC1)O[C@H]1C[C@H]3[C@@H]4CC=C5C[C@@H](O[C@@H]6O[C@H](CO)[C@@H](O[C@@H]7O[C@H](CO)[C@@H](O)[C@H](O)[C@H]7O)[C@H](O)[C@H]6O[C@@H]6O[C@@H](C)[C@H](O)[C@@H](O)[C@H]6O)CC[C@]5(C)[C@H]4CC[C@]3(C)[C@H]1[C@@H]2C,C[C@@H]1CC[C@@]2([C@H]([C@H]3[C@@H](O2)C[C@@H]4[C@@]3(CC[C@H]5[C@H]4CC=C6[C@@]5(CC[C@@H](C6)O[C@H]7[C@@H]([C@H]([C@@H]([C@H](O7)CO)O[C@H]8[C@@H]([C@H]([C@@H]([C@H](O8)CO)O)O)O)O)O[C@H]9[C@@H]([C@@H]([C@H]([C@@H](O9)C)O)O)O)C)C)C)OC1,"(2S,3R,4R,5R,6S)-2-[(2R,3R,4S,5S,6R)-4-hydroxy-6-(hydroxymethyl)-2-[(1S,2S,4S,5'R,6R,7S,8R,9S,12S,13R,16S)-5',7,9,13-tetramethylspiro[5-oxapentacyclo[10.8.0.02,9.04,8.013,18]icos-18-ene-6,2'-oxane]-16-yl]oxy-5-[(2S,3R,4S,5S,6R)-3,4,5-trihydroxy-6-(hydroxymethyl)oxan-2-yl]oxyoxan-3-yl]oxy-6-methyloxane-3,4,5-triol",885.0,C45H72O17,OLAMGHNQGZIWHZ-YIKYYZBWSA-N,True,True,,,PubChem,auto
441891,C[C@H](CC[C@@]1(O)O[C@H]2C[C@H]3[C@@H]4CC=C5C[C@@H](O[C@@H]6O[C@H](CO)[C@@H](O[C@@H]7O[C@@H](C)[C@H](O)[C@@H](O)[C@H]7O)[C@H](O)[C@H]6O[C@@H]6O[C@@H](C)[C@H](O)[C@@H](O)[C@H]6O)CC[C@]5(C)[C@H]4CC[C@]3(C)[C@H]2[C@@H]1C)CO[C@@H]1O[C@H](CO)[C@@H](O)[C@H](O)[C@H]1O,C[C@H]1[C@H]2[C@H](C[C@@H]3[C@@]2(CC[C@H]4[C@H]3CC=C5[C@@]4(CC[C@@H](C5)O[C@H]6[C@@H]([C@H]([C@@H]([C@H](O6)CO)O[C@H]7[C@@H]([C@@H]([C@H]([C@@H](O7)C)O)O)O)O)O[C@H]8[C@@H]([C@@H]([C@H]([C@@H](O8)C)O)O)O)C)C)O[C@@]1(CC[C@@H](C)CO[C@H]9[C@@H]([C@H]([C@@H]([C@H](O9)CO)O)O)O)O,"(2S,3R,4R,5R,6S)-2-[(2R,3S,4S,5R,6R)-4-hydroxy-2-(hydroxymethyl)-6-[[(1S,2S,4S,6R,7S,8R,9S,12S,13R,16S)-6-hydroxy-7,9,13-trimethyl-6-[(3R)-3-methyl-4-[(2R,3R,4S,5S,6R)-3,4,5-trihydroxy-6-(hydroxymethyl)oxan-2-yl]oxybutyl]-5-oxapentacyclo[10.8.0.02,9.04,8.013,18]icos-18-en-16-yl]oxy]-5-[(2S,3R,4R,5R,6S)-3,4,5-trihydroxy-6-methyloxan-2-yl]oxyoxan-3-yl]oxy-6-methyloxane-3,4,5-triol",1049.2,C51H84O22,LVTJOONKWUXEFR-UEZXSUPNSA-N,True,True,,,PubChem,auto
441892,C[C@H](CC[C@@]1(O)O[C@H]2C[C@H]3[C@@H]4CC=C5C[C@@H](O[C@@H]6O[C@H](CO)[C@@H](O)[C@H](O[C@@H]7O[C@H](CO)[C@@H](O)[C@H](O)[C@H]7O)[C@H]6O[C@@H]6O[C@@H](C)[C@H](O)[C@@H](O)[C@H]6O)CC[C@]5(C)[C@H]4CC[C@]3(C)[C@H]2[C@@H]1C)CO[C@@H]1O[C@H](CO)[C@@H](O)[C@H](O)[C@H]1O,C[C@H]1[C@H]2[C@H](C[C@@H]3[C@@]2(CC[C@H]4[C@H]3CC=C5[C@@]4(CC[C@@H](C5)O[C@H]6[C@@H]([C@H]([C@@H]([C@H](O6)CO)O)O[C@H]7[C@@H]([C@H]([C@@H]([C@H](O7)CO)O)O)O)O[C@H]8[C@@H]([C@@H]([C@H]([C@@H](O8)C)O)O)O)C)C)O[C@@]1(CC[C@@H](C)CO[C@H]9[C@@H]([C@H]([C@@H]([C@H](O9)CO)O)O)O)O,"(2S,3R,4R,5R,6S)-2-[(2R,3R,4S,5R,6R)-5-hydroxy-6-(hydroxymethyl)-2-[[(1S,2S,4S,6R,7S,8R,9S,12S,13R,16S)-6-hydroxy-7,9,13-trimethyl-6-[(3R)-3-methyl-4-[(2S,3R,4S,5S,6R)-3,4,5-trihydroxy-6-(hydroxymethyl)oxan-2-yl]oxybutyl]-5-oxapentacyclo[10.8.0.02,9.04,8.013,18]icos-18-en-16-yl]oxy]-4-[(2S,3R,4S,5S,6R)-3,4,5-trihydroxy-6-(hydroxymethyl)oxan-2-yl]oxyoxan-3-yl]oxy-6-methyloxane-3,4,5-triol",1065.2,C51H84O23,GMCGZPQYTRHQRU-DKWQWWTLSA-N,True,True,,,PubChem,auto
441896,C[C@H]1CC[C@@]2(OC1)O[C@H]1C[C@H]3[C@@H]4CC[C@@H]5C[C@@H](O[C@@H]6O[C@H](CO)[C@@H](O[C@@H]7O[C@@H](C)[C@H](O)[C@@H](O)[C@H]7O)[C@H](O)[C@H]6O[C@@H]6O[C@H](CO)[C@@H](O)[C@H](O)[C@H]6O)CC[C@]5(C)[C@H]4CC[C@]3(C)[C@H]1[C@@H]2C,C[C@H]1CC[C@@]2([C@H]([C@H]3[C@@H](O2)C[C@@H]4[C@@]3(CC[C@H]5[C@H]4CC[C@H]6[C@@]5(CC[C@@H](C6)O[C@H]7[C@@H]([C@H]([C@@H]([C@H](O7)CO)O[C@H]8[C@@H]([C@@H]([C@H]([C@@H](O8)C)O)O)O)O)O[C@H]9[C@@H]([C@H]([C@@H]([C@H](O9)CO)O)O)O)C)C)C)OC1,"(2S,3R,4R,5R,6S)-2-[(2R,3S,4S,5R,6R)-4-hydroxy-2-(hydroxymethyl)-6-[(1R,2S,4S,5'S,6R,7S,8R,9S,12S,13S,16S,18R)-5',7,9,13-tetramethylspiro[5-oxapentacyclo[10.8.0.02,9.04,8.013,18]icosane-6,2'-oxane]-16-yl]oxy-5-[(2S,3R,4S,5S,6R)-3,4,5-trihydroxy-6-(hydroxymethyl)oxan-2-yl]oxyoxan-3-yl]oxy-6-methyloxane-3,4,5-triol",887.1,C45H74O17,BCUDKRWNGQAFLF-PJFZGHSASA-N,True,True,,,PubChem,auto
496769,CC1CCC2(OC1)OC1CC3C4CC=C5CC(OC6OC(CO)C(O)C(OC7OC(CO)C(O)C(O)C7O)C6OC6OC(C)C(O)C(O)C6O)CCC5(C)C4CCC3(C)C1C2C,CC1CCC2(C(C3C(O2)CC4C3(CCC5C4CC=C6C5(CCC(C6)OC7C(C(C(C(O7)CO)O)OC8C(C(C(C(O8)CO)O)O)O)OC9C(C(C(C(O9)C)O)O)O)C)C)C)OC1,"2-[5-hydroxy-6-(hydroxymethyl)-2-(5',7,9,13-tetramethylspiro[5-oxapentacyclo[10.8.0.02,9.04,8.013,18]icos-18-ene-6,2'-oxane]-16-yl)oxy-4-[3,4,5-trihydroxy-6-(hydroxymethyl)oxan-2-yl]oxyoxan-3-yl]oxy-6-methyloxane-3,4,5-triol",885.0,C45H72O17,YQEMAEKYNNOCBY-UHFFFAOYSA-N,True,True,,,PubChem,auto
496770,CC(CCC1(O)OC2CC3C4CC=C5CC(OC6OC(CO)C(O)C(OC7OC(CO)C(O)C(O)C7O)C6OC6OC(C)C(O)C(O)C6O)CCC5(C)C4CCC3(C)C2C1C)COC1OC(CO)C(O)C(O)C1O,CC1C2C(CC3C2(CCC4C3CC=C5C4(CCC(C5)OC6C(C(C(C(O6)CO)O)OC7C(C(C(C(O7)CO)O)O)O)OC8C(C(C(C(O8)C)O)O)O)C)C)OC1(CCC(C)COC9C(C(C(C(O9)CO)O)O)O)O,"2-[5-hydroxy-6-(hydroxymethyl)-2-[[6-hydroxy-7,9,13-trimethyl-6-[3-methyl-4-[3,4,5-trihydroxy-6-(hydroxymethyl)oxan-2-yl]oxybutyl]-5-oxapentacyclo[10.8.0.02,9.04,8.013,18]icos-18-en-16-yl]oxy]-4-[3,4,5-trihydroxy-6-(hydroxymethyl)oxan-2-yl]oxyoxan-3-yl]oxy-6-methyloxane-3,4,5-triol",1065.2,C51H84O23,GMCGZPQYTRHQRU-UHFFFAOYSA-N,True,True,,,PubChem,auto
500375,CC(CCC1(O)OC2CC3C4CC=C5CC(OC6OC(CO)C(OC7OC(C)C(O)C(O)C7O)C(O)C6OC6OC(C)C(O)C(O)C6O)CCC5(C)C4CCC3(C)C2C1C)COC1OC(CO)C(O)C(O)C1O,CC1C2C(CC3C2(CCC4C3CC=C5C4(CCC(C5)OC6C(C(C(C(O6)CO)OC7C(C(C(C(O7)C)O)O)O)O)OC8C(C(C(C(O8)C)O)O)O)C)C)OC1(CCC(C)COC9C(C(C(C(O9)CO)O)O)O)O,"2-[4-hydroxy-2-(hydroxymethyl)-6-[[6-hydroxy-7,9,13-trimethyl-6-[3-methyl-4-[3,4,5-trihydroxy-6-(hydroxymethyl)oxan-2-yl]oxybutyl]-5-oxapentacyclo[10.8.0.02,9.04,8.013,18]icos-18-en-16-yl]oxy]-5-(3,4,5-trihydroxy-6-methyloxan-2-yl)oxyoxan-3-yl]oxy-6-methyloxane-3,4,5-triol",1049.2,C51H84O22,LVTJOONKWUXEFR-UHFFFAOYSA-N,True,True,,,PubChem,auto
500376,COC1(CCC(C)COC2OC(CO)C(O)C(O)C2O)OC2CC3C4CC=C5CC(OC6OC(CO)C(OC7OC(C)C(O)C(O)C7O)C(O)C6OC6OC(C)C(O)C(O)C6O)CCC5(C)C4CCC3(C)C2C1C,CC1C2C(CC3C2(CCC4C3CC=C5C4(CCC(C5)OC6C(C(C(C(O6)CO)OC7C(C(C(C(O7)C)O)O)O)O)OC8C(C(C(C(O8)C)O)O)O)C)C)OC1(CCC(C)COC9C(C(C(C(O9)CO)O)O)O)OC,"2-[4-hydroxy-2-(hydroxymethyl)-6-[[6-methoxy-7,9,13-trimethyl-6-[3-methyl-4-[3,4,5-trihydroxy-6-(hydroxymethyl)oxan-2-yl]oxybutyl]-5-oxapentacyclo[10.8.0.02,9.04,8.013,18]icos-18-en-16-yl]oxy]-5-(3,4,5-trihydroxy-6-methyloxan-2-yl)oxyoxan-3-yl]oxy-6-methyloxane-3,4,5-triol",1063.2,C52H86O22,HSSJYSJXBOCKQM-UHFFFAOYSA-N,True,True,,,PubChem,auto
3306288,CC(C)CCCC(C)C1CCC2C3CC=C4CC(OC5OC(CO)C(O)C(O)C5O)CCC4(C)C3CCC12C,CC(C)CCCC(C)C1CCC2C1(CCC3C2CC=C4C3(CCC(C4)OC5C(C(C(C(O5)CO)O)O)O)C)C,"2-[[10,13-dimethyl-17-(6-methylheptan-2-yl)-2,3,4,7,8,9,11,12,14,15,16,17-dodecahydro-1H-cyclopenta[a]phenanthren-3-yl]oxy]-6-(hydroxymethyl)oxane-3,4,5-triol",548.8,C33H56O6,FSMCJUNYLQOAIM-UHFFFAOYSA-N,True,True,,,PubChem,auto
3509806,CC1CCC2(OC1)OC1CC3C4CC=C5CC(O)CC(OC6OCC(O)C(O)C6OC6OC(C)C(O)C(O)C6O)C5(C)C4CCC3(C)C1C2C,CC1CCC2(C(C3C(O2)CC4C3(CCC5C4CC=C6C5(C(CC(C6)O)OC7C(C(C(CO7)O)O)OC8C(C(C(C(O8)C)O)O)O)C)C)C)OC1,"2-[4,5-dihydroxy-2-(16-hydroxy-5',7,9,13-tetramethylspiro[5-oxapentacyclo[10.8.0.02,9.04,8.013,18]icos-18-ene-6,2'-oxane]-14-yl)oxyoxan-3-yl]oxy-6-methyloxane-3,4,5-triol",708.9,C38H60O12,SKHJNNFXCKTDBG-UHFFFAOYSA-N,True,True,,,PubChem,auto
3826176,CC1CCC2(OC1)OC1CC3C4CC=C5CC(OC6OC(CO)C(O)C(OC7OC(C)C(O)C(O)C7O)C6OC6OC(CO)C(O)C(O)C6O)CCC5(C)C4CCC3(C)C1C2C,CC1CCC2(C(C3C(O2)CC4C3(CCC5C4CC=C6C5(CCC(C6)OC7C(C(C(C(O7)CO)O)OC8C(C(C(C(O8)C)O)O)O)OC9C(C(C(C(O9)CO)O)O)O)C)C)C)OC1,"2-[3-hydroxy-2-(hydroxymethyl)-6-(5',7,9,13-tetramethylspiro[5-oxapentacyclo[10.8.0.02,9.04,8.013,18]icos-18-ene-6,2'-oxane]-16-yl)oxy-5-[3,4,5-trihydroxy-6-(hydroxymethyl)oxan-2-yl]oxyoxan-4-yl]oxy-6-methyloxane-3,4,5-triol",885.0,C45H72O17,DAIAMOGGSOXZSO-UHFFFAOYSA-N,True,True,,,PubChem,auto
4483040,CC1CCC2(OC1)OC1CC3C4CC=C5CC(OC6OC(CO)C(OC7OC(CO)C(O)C(O)C7O)C(O)C6OC6OC(C)C(O)C(O)C6O)CCC5(C)C4CCC3(C)C1C2C,CC1CCC2(C(C3C(O2)CC4C3(CCC5C4CC=C6C5(CCC(C6)OC7C(C(C(C(O7)CO)OC8C(C(C(C(O8)CO)O)O)O)O)OC9C(C(C(C(O9)C)O)O)O)C)C)C)OC1,"2-[4-hydroxy-6-(hydroxymethyl)-2-(5',7,9,13-tetramethylspiro[5-oxapentacyclo[10.8.0.02,9.04,8.013,18]icos-18-ene-6,2'-oxane]-16-yl)oxy-5-[3,4,5-trihydroxy-6-(hydroxymethyl)oxan-2-yl]oxyoxan-3-yl]oxy-6-methyloxane-3,4,5-triol",885.0,C45H72O17,OLAMGHNQGZIWHZ-UHFFFAOYSA-N,True,True,,,PubChem,auto
4483248,CC1CCC2(OC1)OC1CC3C4CC=C5CC(OC6OC(CO)C(O)C(O)C6OC6OC(C)C(O)C(O)C6O)CCC5(C)C4CCC3(C)C1C2C,CC1CCC2(C(C3C(O2)CC4C3(CCC5C4CC=C6C5(CCC(C6)OC7C(C(C(C(O7)CO)O)O)OC8C(C(C(C(O8)C)O)O)O)C)C)C)OC1,"2-[4,5-dihydroxy-6-(hydroxymethyl)-2-(5',7,9,13-tetramethylspiro[5-oxapentacyclo[10.8.0.02,9.04,8.013,18]icos-18-ene-6,2'-oxane]-16-yl)oxyoxan-3-yl]oxy-6-methyloxane-3,4,5-triol",722.9,C39H62O12,HDXIQHTUNGFJIC-UHFFFAOYSA-N,True,True,,,PubChem,auto
4638509,CC1COC2(CC1O)OC1CC3C4CC=C5CC(O)CC(OC6OCC(O)C(O)C6OC6OC(C)C(O)C(O)C6O)C5(C)C4CCC3(C)C1C2C,CC1COC2(CC1O)C(C3C(O2)CC4C3(CCC5C4CC=C6C5(C(CC(C6)O)OC7C(C(C(CO7)O)O)OC8C(C(C(C(O8)C)O)O)O)C)C)C,"2-[2-(4',16-dihydroxy-5',7,9,13-tetramethylspiro[5-oxapentacyclo[10.8.0.02,9.04,8.013,18]icos-18-ene-6,2'-oxane]-14-yl)oxy-4,5-dihydroxyoxan-3-yl]oxy-6-methyloxane-3,4,5-triol",724.9,C38H60O13,CEUOJNPNKKLCDB-UHFFFAOYSA-N,True,True,,,PubChem,auto
4979367,CC(CCC1(O)OC2CC3C4CC=C5CC(O)CC(OC6OCC(O)C(O)C6OC6OC(C)C(O)C(O)C6O)C5(C)C4CCC3(C)C2C1C)COC1OC(CO)C(O)C(O)C1O,CC1C2C(CC3C2(CCC4C3CC=C5C4(C(CC(C5)O)OC6C(C(C(CO6)O)O)OC7C(C(C(C(O7)C)O)O)O)C)C)OC1(CCC(C)COC8C(C(C(C(O8)CO)O)O)O)O,"2-[2-[[6,16-dihydroxy-7,9,13-trimethyl-6-[3-methyl-4-[3,4,5-trihydroxy-6-(hydroxymethyl)oxan-2-yl]oxybutyl]-5-oxapentacyclo[10.8.0.02,9.04,8.013,18]icos-18-en-14-yl]oxy]-4,5-dihydroxyoxan-3-yl]oxy-6-methyloxane-3,4,5-triol",889.0,C44H72O18,HWYCRLFVQVFKPD-UHFFFAOYSA-N,True,True,,,PubChem,auto
5742590,CC[C@H](CC[C@@H](C)[C@H]1CC[C@H]2[C@@H]3CC=C4C[C@@H](O[C@@H]5O[C@H](CO)[C@@H](O)[C@H](O)[C@H]5O)CC[C@]4(C)[C@H]3CC[C@]12C)C(C)C,CC[C@H](CC[C@@H](C)[C@H]1CC[C@@H]2[C@@]1(CC[C@H]3[C@H]2CC=C4[C@@]3(CC[C@@H](C4)O[C@H]5[C@@H]([C@H]([C@@H]([C@H](O5)CO)O)O)O)C)C)C(C)C,"(2R,3R,4S,5S,6R)-2-[[(3S,8S,9S,10R,13R,14S,17R)-17-[(2R,5R)-5-ethyl-6-methylheptan-2-yl]-10,13-dimethyl-2,3,4,7,8,9,11,12,14,15,16,17-dodecahydro-1H-cyclopenta[a]phenanthren-3-yl]oxy]-6-(hydroxymethyl)oxane-3,4,5-triol",576.8,C35H60O6,NPJICTMALKLTFW-OFUAXYCQSA-N,True,True,,,PubChem,auto
10417550,C[C@@H]1CC[C@@]2(OC1)O[C@H]1C[C@H]3[C@@H]4CC=C5C[C@@H](O[C@@H]6O[C@H](CO)[C@@H](O)[C@H](O)[C@H]6O[C@@H]6O[C@@H](C)[C@H](O)[C@@H](O)[C@H]6O)CC[C@]5(C)[C@H]4CC[C@]3(C)[C@@]1(O)[C@@H]2C,C[C@@H]1CC[C@@]2([C@H]([C@]3([C@@H](O2)C[C@@H]4[C@@]3(CC[C@H]5[C@H]4CC=C6[C@@]5(CC[C@@H](C6)O[C@H]7[C@@H]([C@H]([C@@H]([C@H](O7)CO)O)O)O[C@H]8[C@@H]([C@@H]([C@H]([C@@H](O8)C)O)O)O)C)C)O)C)OC1,"(2S,3R,4R,5R,6S)-2-[(2R,3R,4S,5S,6R)-4,5-dihydroxy-6-(hydroxymethyl)-2-[(1R,2S,4S,5'R,6R,7S,8S,9S,12S,13R,16S)-8-hydroxy-5',7,9,13-tetramethylspiro[5-oxapentacyclo[10.8.0.02,9.04,8.013,18]icos-18-ene-6,2'-oxane]-16-yl]oxyoxan-3-yl]oxy-6-methyloxane-3,4,5-triol",738.9,C39H62O13,WHWWQGPCTUQCMN-JDDKMXSSSA-N,True,True,,,PubChem,auto
10653210,C[C@H]1CC[C@@]2(OC1)O[C@H]1C[C@H]3[C@@H]4CC=C5C[C@@H](O[C@@H]6O[C@H](CO)[C@@H](O[C@@H]7O[C@@H](C)[C@H](O)[C@@H](O)[C@H]7O)[C@H](O)[C@H]6O[C@@H]6O[C@@H](C)[C@H](O)[C@@H](O)[C@H]6O)CC[C@]5(C)[C@H]4CC[C@]3(C)[C@H]1[C@@H]2C,C[C@H]1CC[C@@]2([C@H]([C@H]3[C@@H](O2)C[C@@H]4[C@@]3(CC[C@H]5[C@H]4CC=C6[C@@]5(CC[C@@H](C6)O[C@H]7[C@@H]([C@H]([C@@H]([C@H](O7)CO)O[C@H]8[C@@H]([C@@H]([C@H]([C@@H](O8)C)O)O)O)O)O[C@H]9[C@@H]([C@@H]([C@H]([C@@H](O9)C)O)O)O)C)C)C)OC1,"(2S,3R,4R,5R,6S)-2-[(2R,3S,4S,5R,6R)-4-hydroxy-2-(hydroxymethyl)-6-[(1S,2S,4S,5'S,6R,7S,8R,9S,12S,13R,16S)-5',7,9,13-tetramethylspiro[5-oxapentacyclo[10.8.0.02,9.04,8.013,18]icos-18-ene-6,2'-oxane]-16-yl]oxy-5-[(2S,3R,4R,5R,6S)-3,4,5-trihydroxy-6-methyloxan-2-yl]oxyoxan-3-yl]oxy-6-methyloxane-3,4,5-triol",869.0,C45H72O16,VNONINPVFQTJOC-OKJXOJKZSA-N,True,True,,,PubChem,auto
10885068,CC1CC[C@@]2(OC1)O[C@H]1C[C@@]3(O)[C@@H]4CC=C5C[C@@H](O)C[C@@H](O)[C@]5(C)[C@H]4CC[C@]3(C)[C@@]1(O)[C@@H]2C,C[C@@H]1[C@@]2(CCC(CO2)C)O[C@@H]3[C@]1([C@]4(CC[C@H]5[C@H]([C@@]4(C3)O)CC=C6[C@@]5([C@@H](C[C@@H](C6)O)O)C)C)O,"(1R,2R,4S,6R,7S,8S,9S,12S,13R,14R,16R)-5',7,9,13-tetramethylspiro[5-oxapentacyclo[10.8.0.02,9.04,8.013,18]icos-18-ene-6,2'-oxane]-2,8,14,16-tetrol",462.6,C27H42O6,PALNVKJXLYYHQJ-QGZGKOOESA-N,True,True,,,PubChem,auto
10994190,C=C1CC[C@@]2(OC1)O[C@H]1C[C@@]3(O)[C@@H]4CC=C5C[C@@H](O)C[C@@H](O)[C@]5(C)[C@H]4CC[C@]3(C)[C@@]1(O)[C@@H]2C,C[C@@H]1[C@@]2(CCC(=C)CO2)O[C@@H]3[C@]1([C@]4(CC[C@H]5[C@H]([C@@]4(C3)O)CC=C6[C@@]5([C@@H](C[C@@H](C6)O)O)C)C)O,"(1R,2R,4S,6R,7S,8S,9S,12S,13R,14R,16R)-7,9,13-trimethyl-5'-methylidenespiro[5-oxapentacyclo[10.8.0.02,9.04,8.013,18]icos-18-ene-6,2'-oxane]-2,8,14,16-tetrol",460.6,C27H40O6,YDCAYRNXFGXGAJ-DETVFNIRSA-N,True,True,,,PubChem,auto
11018329,C[C@@H]1CC[C@@]2(OC1)O[C@H]1C[C@H]3[C@@H]4CC=C5C[C@@H](O[C@@H]6O[C@H](CO)[C@@H](O[C@@H]7O[C@@H](CO)[C@H](O)[C@H]7O)[C@H](O)[C@H]6O[C@@H]6O[C@@H](C)[C@H](O)[C@@H](O)[C@H]6O)CC[C@]5(C)[C@H]4CC[C@]3(C)[C@H]1[C@@H]2C,C[C@@H]1CC[C@@]2([C@H]([C@H]3[C@@H](O2)C[C@@H]4[C@@]3(CC[C@H]5[C@H]4CC=C6[C@@]5(CC[C@@H](C6)O[C@H]7[C@@H]([C@H]([C@@H]([C@H](O7)CO)O[C@H]8[C@@H]([C@H]([C@@H](O8)CO)O)O)O)O[C@H]9[C@@H]([C@@H]([C@H]([C@@H](O9)C)O)O)O)C)C)C)OC1,"(2S,3R,4R,5R,6S)-2-[(2R,3R,4S,5S,6R)-5-[(2S,3R,4R,5S)-3,4-dihydroxy-5-(hydroxymethyl)oxolan-2-yl]oxy-4-hydroxy-6-(hydroxymethyl)-2-[(1S,2S,4S,5'R,6R,7S,8R,9S,12S,13R,16S)-5',7,9,13-tetramethylspiro[5-oxapentacyclo[10.8.0.02,9.04,8.013,18]icos-18-ene-6,2'-oxane]-16-yl]oxyoxan-3-yl]oxy-6-methyloxane-3,4,5-triol",855.0,C44H70O16,LRRDDWMXYOSKIC-IPKCVOQPSA-N,True,True,,,PubChem,auto
11061578,C[C@@H]1CC[C@@]2(OC1)O[C@H]1C[C@H]3[C@@H]4CC=C5C[C@@H](O[C@@H]6O[C@H](CO)[C@@H](O)[C@H](O)[C@H]6O[C@@H]6O[C@@H](C)[C@H](O)[C@@H](O)[C@H]6O)CC[C@]5(C)[C@H]4CC[C@]3(C)[C@H]1[C@@H]2C,C[C@@H]1CC[C@@]2([C@H]([C@H]3[C@@H](O2)C[C@@H]4[C@@]3(CC[C@H]5[C@H]4CC=C6[C@@]5(CC[C@@H](C6)O[C@H]7[C@@H]([C@H]([C@@H]([C@H](O7)CO)O)O)O[C@H]8[C@@H]([C@@H]([C@H]([C@@H](O8)C)O)O)O)C)C)C)OC1,"(2S,3R,4R,5R,6S)-2-[(2R,3R,4S,5S,6R)-4,5-dihydroxy-6-(hydroxymethyl)-2-[(1S,2S,4S,5'R,6R,7S,8R,9S,12S,13R,16S)-5',7,9,13-tetramethylspiro[5-oxapentacyclo[10.8.0.02,9.04,8.013,18]icos-18-ene-6,2'-oxane]-16-yl]oxyoxan-3-yl]oxy-6-methyloxane-3,4,5-triol",722.9,C39H62O12,HDXIQHTUNGFJIC-FOAHKCLGSA-N,True,True,,,PubChem,auto
11158752,C[C@@H]1CC[C@@]2(OC1)O[C@H]1C[C@H]3[C@@H]4CC=C5C[C@@H](O[C@@H]6O[C@H](CO)[C@@H](O[C@@H]7OC[C@H](O)[C@H](O)[C@H]7O)[C@H](O)[C@H]6O[C@@H]6O[C@@H](C)[C@H](O)[C@@H](O)[C@H]6O)CC[C@]5(C)[C@H]4CC[C@]3(C)[C@H]1[C@@H]2C,C[C@@H]1CC[C@@]2([C@H]([C@H]3[C@@H](O2)C[C@@H]4[C@@]3(CC[C@H]5[C@H]4CC=C6[C@@]5(CC[C@@H](C6)O[C@H]7[C@@H]([C@H]([C@@H]([C@H](O7)CO)O[C@H]8[C@@H]([C@H]([C@H](CO8)O)O)O)O)O[C@H]9[C@@H]([C@@H]([C@H]([C@@H](O9)C)O)O)O)C)C)C)OC1,"(2S,3R,4R,5R,6S)-2-[(2R,3R,4S,5S,6R)-4-hydroxy-6-(hydroxymethyl)-2-[(1S,2S,4S,5'R,6R,7S,8R,9S,12S,13R,16S)-5',7,9,13-tetramethylspiro[5-oxapentacyclo[10.8.0.02,9.04,8.013,18]icos-18-ene-6,2'-oxane]-16-yl]oxy-5-[(2S,3R,4S,5S)-3,4,5-trihydroxyoxan-2-yl]oxyoxan-3-yl]oxy-6-methyloxane-3,4,5-triol",855.0,C44H70O16,HSOMTBUZSIVDQK-IPKCVOQPSA-N,True,True,,,PubChem,auto
11263254,CO[C@]1(CC[C@@H](C)CO[C@@H]2O[C@H](CO)[C@@H](O)[C@H](O)[C@H]2O)O[C@H]2C[C@H]3[C@@H]4CC=C5C[C@@H](O[C@@H]6O[C@H](CO)[C@@H](O[C@@H]7O[C@@H](C)[C@H](O)[C@@H](O)[C@H]7O)[C@H](O)[C@H]6O[C@@H]6O[C@@H](C)[C@H](O)[C@@H](O)[C@H]6O)CC[C@]5(C)[C@H]4CC[C@]3(C)[C@H]2[C@@H]1C,C[C@H]1[C@H]2[C@H](C[C@@H]3[C@@]2(CC[C@H]4[C@H]3CC=C5[C@@]4(CC[C@@H](C5)O[C@H]6[C@@H]([C@H]([C@@H]([C@H](O6)CO)O[C@H]7[C@@H]([C@@H]([C@H]([C@@H](O7)C)O)O)O)O)O[C@H]8[C@@H]([C@@H]([C@H]([C@@H](O8)C)O)O)O)C)C)O[C@@]1(CC[C@@H](C)CO[C@H]9[C@@H]([C@H]([C@@H]([C@H](O9)CO)O)O)O)OC,"(2S,3R,4R,5R,6S)-2-[(2R,3S,4S,5R,6R)-4-hydroxy-2-(hydroxymethyl)-6-[[(1S,2S,4S,6R,7S,8R,9S,12S,13R,16S)-6-methoxy-7,9,13-trimethyl-6-[(3R)-3-methyl-4-[(2R,3R,4S,5S,6R)-3,4,5-trihydroxy-6-(hydroxymethyl)oxan-2-yl]oxybutyl]-5-oxapentacyclo[10.8.0.02,9.04,8.013,18]icos-18-en-16-yl]oxy]-5-[(2S,3R,4R,5R,6S)-3,4,5-trihydroxy-6-methyloxan-2-yl]oxyoxan-3-yl]oxy-6-methyloxane-3,4,5-triol",1063.2,C52H86O22,HSSJYSJXBOCKQM-GVTGEURHSA-N,True,True,,,PubChem,auto
11456898,CC1(C)CC[C@]2(C(=O)O)CC[C@]3(C)C(=CC[C@@H]4[C@@]5(C)CC[C@H](O[C@@H]6OC[C@H](O)[C@H](O)[C@H]6O[C@@H]6OC[C@@H](O)[C@H](O)[C@H]6O)[C@@](C)(CO)[C@@H]5CC[C@]43C)[C@@H]2C1,C[C@]12CC[C@@H]([C@@]([C@@H]1CC[C@@]3([C@@H]2CC=C4[C@]3(CC[C@@]5([C@H]4CC(CC5)(C)C)C(=O)O)C)C)(C)CO)O[C@H]6[C@@H]([C@H]([C@H](CO6)O)O)O[C@H]7[C@@H]([C@H]([C@@H](CO7)O)O)O,"(4aS,6aR,6aS,6bR,8aR,9R,10S,12aR,14bS)-10-[(2S,3R,4S,5S)-4,5-dihydroxy-3-[(2S,3R,4S,5R)-3,4,5-trihydroxyoxan-2-yl]oxyoxan-2-yl]oxy-9-(hydroxymethyl)-2,2,6a,6b,9,12a-hexamethyl-1,3,4,5,6,6a,7,8,8a,10,11,12,13,14b-tetradecahydropicene-4a-carboxylic acid",736.9,C40H64O12,JPMUGBUFRGFFCT-BVLSOOJFSA-N,True,True,,,PubChem,auto
11613669,CC(C)CCC[C@@H](C)[C@H]1CC[C@H]2[C@@H]3CC=C4C[C@@H](O[C@@H]5O[C@H](CO)[C@H](O)[C@H](O)[C@H]5O)CC[C@]4(C)[C@H]3CC[C@]12C,C[C@H](CCCC(C)C)[C@H]1CC[C@@H]2[C@@]1(CC[C@H]3[C@H]2CC=C4[C@@]3(CC[C@@H](C4)O[C@H]5[C@@H]([C@H]([C@H]([C@H](O5)CO)O)O)O)C)C,"(2R,3R,4S,5R,6R)-2-[[(3S,8S,9S,10R,13R,14S,17R)-10,13-dimethyl-17-[(2R)-6-methylheptan-2-yl]-2,3,4,7,8,9,11,12,14,15,16,17-dodecahydro-1H-cyclopenta[a]phenanthren-3-yl]oxy]-6-(hydroxymethyl)oxane-3,4,5-triol",548.8,C33H56O6,FSMCJUNYLQOAIM-YQDUOBHUSA-N,True,True,,,PubChem,auto
11693648,CO[C@]1(CC[C@H](C)CO)O[C@H]2C[C@H]3[C@@H]4CC=C5C[C@@H](O[C@H]6O[C@H](CO)[C@@H](O)[C@H](O[C@@H]7O[C@H](CO)[C@@H](O)[C@H](O)[C@H]7O)[C@H]6O[C@@H]6O[C@@H](C)[C@H](O)[C@@H](O)[C@H]6O)CC[C@]5(C)[C@H]4CC[C@]3(C)[C@H]2[C@@H]1C,C[C@H]1[C@H]2[C@H](C[C@@H]3[C@@]2(CC[C@H]4[C@H]3CC=C5[C@@]4(CC[C@@H](C5)O[C@@H]6[C@@H]([C@H]([C@@H]([C@H](O6)CO)O)O[C@H]7[C@@H]([C@H]([C@@H]([C@H](O7)CO)O)O)O)O[C@H]8[C@@H]([C@@H]([C@H]([C@@H](O8)C)O)O)O)C)C)O[C@@]1(CC[C@H](C)CO)OC,"(2S,3R,4R,5R,6S)-2-[(2S,3R,4S,5R,6R)-5-hydroxy-6-(hydroxymethyl)-2-[[(1S,2S,4S,6R,7S,8R,9S,12S,13R,16S)-6-[(3S)-4-hydroxy-3-methylbutyl]-6-methoxy-7,9,13-trimethyl-5-oxapentacyclo[10.8.0.02,9.04,8.013,18]icos-18-en-16-yl]oxy]-4-[(2S,3R,4S,5S,6R)-3,4,5-trihydroxy-6-(hydroxymethyl)oxan-2-yl]oxyoxan-3-yl]oxy-6-methyloxane-3,4,5-triol",917.1,C46H76O18,YDURWQJGBGEELH-PDGQMJSTSA-N,True,True,,,PubChem,auto
11764387,C[C@@H]1CC[C@@]2(OC1)O[C@H]1C[C@H]3[C@@H]4CC=C5C[C@@H](O[C@@H]6O[C@H](CO)[C@H](O)[C@H](O[C@@H]7OC[C@@H](O)[C@H](O)[C@H]7O)[C@H]6O[C@@H]6O[C@@H](C)[C@H](O)[C@@H](O)[C@H]6O)CC[C@]5(C)[C@H]4CC[C@]3(C)[C@H]1[C@@H]2C,C[C@@H]1CC[C@@]2([C@H]([C@H]3[C@@H](O2)C[C@@H]4[C@@]3(CC[C@H]5[C@H]4CC=C6[C@@]5(CC[C@@H](C6)O[C@H]7[C@@H]([C@H]([C@H]([C@H](O7)CO)O)O[C@H]8[C@@H]([C@H]([C@@H](CO8)O)O)O)O[C@H]9[C@@H]([C@@H]([C@H]([C@@H](O9)C)O)O)O)C)C)C)OC1,"(2S,3R,4R,5R,6S)-2-[(2R,3R,4S,5S,6R)-5-hydroxy-6-(hydroxymethyl)-2-[(1S,2S,4S,5'R,6R,7S,8R,9S,12S,13R,16S)-5',7,9,13-tetramethylspiro[5-oxapentacyclo[10.8.0.02,9.04,8.013,18]icos-18-ene-6,2'-oxane]-16-yl]oxy-4-[(2S,3R,4S,5R)-3,4,5-trihydroxyoxan-2-yl]oxyoxan-3-yl]oxy-6-methyloxane-3,4,5-triol",855.0,C44H70O16,DQYACEDUQHWXQZ-QBHYPGBSSA-N,True,True,,,PubChem,auto
11827970,C[C@@H]1CC[C@@]2(OC1)O[C@H]1C[C@H]3[C@@H]4CC=C5C[C@@H](O[C@@H]6O[C@H](CO)[C@@H](O)[C@H](O)[C@H]6O)CC[C@]5(C)[C@H]4CC[C@]3(C)[C@H]1[C@@H]2C,C[C@@H]1CC[C@@]2([C@H]([C@H]3[C@@H](O2)C[C@@H]4[C@@]3(CC[C@H]5[C@H]4CC=C6[C@@]5(CC[C@@H](C6)O[C@H]7[C@@H]([C@H]([C@@H]([C@H](O7)CO)O)O)O)C)C)C)OC1,"(2R,3S,4S,5R,6R)-2-(hydroxymethyl)-6-[(1S,2S,4S,5'R,6R,7S,8R,9S,12S,13R,16S)-5',7,9,13-tetramethylspiro[5-oxapentacyclo[10.8.0.02,9.04,8.013,18]icos-18-ene-6,2'-oxane]-16-yl]oxyoxane-3,4,5-triol",576.8,C33H52O8,WXMARHKAXWRNDM-GAMIEDRGSA-N,True,True,,,PubChem,auto
12309067,CC[C@@H](CC[C@@H](C)[C@H]1CC[C@H]2[C@@H]3CC=C4C[C@@H](O[C@@H]5O[C@H](CO)[C@@H](O)[C@H](O)[C@H]5O)CC[C@]4(C)[C@H]3CC[C@]12C)C(C)C,CC[C@@H](CC[C@@H](C)[C@H]1CC[C@@H]2[C@@]1(CC[C@H]3[C@H]2CC=C4[C@@]3(CC[C@@H](C4)O[C@H]5[C@@H]([C@H]([C@@H]([C@H](O5)CO)O)O)O)C)C)C(C)C,"(2R,3R,4S,5S,6R)-2-[[(3S,8S,9S,10R,13R,14S,17R)-17-[(2R,5S)-5-ethyl-6-methylheptan-2-yl]-10,13-dimethyl-2,3,4,7,8,9,11,12,14,15,16,17-dodecahydro-1H-cyclopenta[a]phenanthren-3-yl]oxy]-6-(hydroxymethyl)oxane-3,4,5-triol",576.8,C35H60O6,NPJICTMALKLTFW-VPFCYKORSA-N,True,True,,,PubChem,auto
12314556,CC1CCC2(OC1)OC1CC3C4CC=C5CC(OC6OC(CO)C(O)C(O)C6O)CCC5(C)C4CCC3(C)C1C2C,CC1CCC2(C(C3C(O2)CC4C3(CCC5C4CC=C6C5(CCC(C6)OC7C(C(C(C(O7)CO)O)O)O)C)C)C)OC1,"2-(hydroxymethyl)-6-(5',7,9,13-tetramethylspiro[5-oxapentacyclo[10.8.0.02,9.04,8.013,18]icos-18-ene-6,2'-oxane]-16-yl)oxyoxane-3,4,5-triol",576.8,C33H52O8,WXMARHKAXWRNDM-UHFFFAOYSA-N,True,True,,,PubChem,auto
12895787,CC(C)[C@H](C)CC[C@@H](C)[C@H]1CC[C@H]2[C@@H]3CC=C4C[C@@H](O[C@@H]5O[C@H](CO)[C@@H](O)[C@H](O)[C@H]5O)CC[C@]4(C)[C@H]3CC[C@]12C,C[C@H](CC[C@@H](C)C(C)C)[C@H]1CC[C@@H]2[C@@]1(CC[C@H]3[C@H]2CC=C4[C@@]3(CC[C@@H](C4)O[C@H]5[C@@H]([C@H]([C@@H]([C@H](O5)CO)O)O)O)C)C,"(2R,3R,4S,5S,6R)-2-[[(3S,8S,9S,10R,13R,14S,17R)-17-[(2R,5R)-5,6-dimethylheptan-2-yl]-10,13-dimethyl-2,3,4,7,8,9,11,12,14,15,16,17-dodecahydro-1H-cyclopenta[a]phenanthren-3-yl]oxy]-6-(hydroxymethyl)oxane-3,4,5-triol",562.8,C34H58O6,FWNZEKQVBDXWKA-NYENXMMQSA-N,True,True,,,PubChem,auto
12895797,C/C=C(\CCC(C)C1CCC2C3CC=C4CC(OC5OC(CO)C(O)C(O)C5O)CCC4(C)C3CCC12C)C(C)C,C/C=C(\CCC(C)C1CCC2C1(CCC3C2CC=C4C3(CCC(C4)OC5C(C(C(C(O5)CO)O)O)O)C)C)/C(C)C,"2-[[10,13-dimethyl-17-[(E)-5-propan-2-ylhept-5-en-2-yl]-2,3,4,7,8,9,11,12,14,15,16,17-dodecahydro-1H-cyclopenta[a]phenanthren-3-yl]oxy]-6-(hydroxymethyl)oxane-3,4,5-triol",574.8,C35H58O6,FHEBKVQDISXEGI-QPJQQBGISA-N,True,True,,,PubChem,auto
13939861,CC1COC2(CC1O)OC1CC3C4CC=C5CC(O)CC(OC6OC(CO)C(O)C(O)C6OC6OC(C)C(O)C(O)C6O)C5(C)C4CCC3(C)C1C2C,CC1COC2(CC1O)C(C3C(O2)CC4C3(CCC5C4CC=C6C5(C(CC(C6)O)OC7C(C(C(C(O7)CO)O)O)OC8C(C(C(C(O8)C)O)O)O)C)C)C,"2-[2-(4',16-dihydroxy-5',7,9,13-tetramethylspiro[5-oxapentacyclo[10.8.0.02,9.04,8.013,18]icos-18-ene-6,2'-oxane]-14-yl)oxy-4,5-dihydroxy-6-(hydroxymethyl)oxan-3-yl]oxy-6-methyloxane-3,4,5-triol",754.9,C39H62O14,WPICZBAEKPIRLJ-UHFFFAOYSA-N,True,True,,,PubChem,auto
13939863,CC1COC2(CC1O)OC1CC3C4CC=C5CC(O)CC(O)C5(C)C4CCC3(C)C1C2C,CC1COC2(CC1O)C(C3C(O2)CC4C3(CCC5C4CC=C6C5(C(CC(C6)O)O)C)C)C,"5',7,9,13-tetramethylspiro[5-oxapentacyclo[10.8.0.02,9.04,8.013,18]icos-18-ene-6,2'-oxane]-4',14,16-triol",446.6,C27H42O5,MHNJMWLWHYJLNF-UHFFFAOYSA-N,True,True,,,PubChem,auto
14283960,CC1CCC2(OC1)OC1CC3C4CC=C5CC(OC6OCC(O)C(O)C6OC6OC(C)C(OC7OC(CO)C(O)C(OC8OC(CO)C(O)C(O)C8O)C7OC7OC(CO)C(O)C(O)C7O)C(O)C6O)CCC5(C)C4CCC3(C)C1C2C,CC1CCC2(C(C3C(O2)CC4C3(CCC5C4CC=C6C5(CCC(C6)OC7C(C(C(CO7)O)O)OC8C(C(C(C(O8)C)OC9C(C(C(C(O9)CO)O)OC2C(C(C(C(O2)CO)O)O)O)OC2C(C(C(C(O2)CO)O)O)O)O)O)C)C)C)OC1,"2-[2-[6-[4,5-dihydroxy-2-(5',7,9,13-tetramethylspiro[5-oxapentacyclo[10.8.0.02,9.04,8.013,18]icos-18-ene-6,2'-oxane]-16-yl)oxyoxan-3-yl]oxy-4,5-dihydroxy-2-methyloxan-3-yl]oxy-5-hydroxy-6-(hydroxymethyl)-3-[3,4,5-trihydroxy-6-(hydroxymethyl)oxan-2-yl]oxyoxan-4-yl]oxy-6-(hydroxymethyl)oxane-3,4,5-triol",1179.3,C56H90O26,ZMXQNYSKYBAHKJ-UHFFFAOYSA-N,True,True,,,PubChem,auto
14311739,C=C(C)C(CC)CCC(C)C1CCC2C3CC=C4CC(OC5OC(CO)C(O)C(O)C5O)CCC4(C)C3CCC12C,CCC(CCC(C)C1CCC2C1(CCC3C2CC=C4C3(CCC(C4)OC5C(C(C(C(O5)CO)O)O)O)C)C)C(=C)C,"2-[[17-(5-ethyl-6-methylhept-6-en-2-yl)-10,13-dimethyl-2,3,4,7,8,9,11,12,14,15,16,17-dodecahydro-1H-cyclopenta[a]phenanthren-3-yl]oxy]-6-(hydroxymethyl)oxane-3,4,5-triol",574.8,C35H58O6,FKZKAGYCKXYXKP-UHFFFAOYSA-N,True,True,,,PubChem,auto
14408723,CC1CCC2(OC1)OC1CC3C4CC=C5CC(OC6OC(CO)C(OC7OC(CO)C(O)C(OC8OCC(O)C(O)C8O)C7O)C(O)C6O)CCC5(C)C4CCC3(C)C1C2C,CC1CCC2(C(C3C(O2)CC4C3(CCC5C4CC=C6C5(CCC(C6)OC7C(C(C(C(O7)CO)OC8C(C(C(C(O8)CO)O)OC9C(C(C(CO9)O)O)O)O)O)O)C)C)C)OC1,"2-[2-[4,5-dihydroxy-2-(hydroxymethyl)-6-(5',7,9,13-tetramethylspiro[5-oxapentacyclo[10.8.0.02,9.04,8.013,18]icos-18-ene-6,2'-oxane]-16-yl)oxyoxan-3-yl]oxy-3,5-dihydroxy-6-(hydroxymethyl)oxan-4-yl]oxyoxane-3,4,5-triol",871.0,C44H70O17,OKFUWWZDPLSBLG-UHFFFAOYSA-N,True,True,,,PubChem,auto
14539254,CC1C2C(CC3C4CC=C5CC(O)CCC5(C)C4CCC32C)OC12CCC(O)(CO)CO2,CC1C2C(CC3C2(CCC4C3CC=C5C4(CCC(C5)O)C)C)OC16CCC(CO6)(CO)O,"3'-(hydroxymethyl)-7,9,13-trimethylspiro[5-oxapentacyclo[10.8.0.02,9.04,8.013,18]icos-18-ene-6,6'-oxane]-3',16-diol",446.6,C27H42O5,LAJZFNUUUUJYJR-UHFFFAOYSA-N,True,True,,,PubChem,auto
20841762,C[C@@H]1CC[C@@]2(OC1)O[C@H]1C[C@H]3[C@@H]4CC[C@@H]5C[C@H](O)[C@@H](O)[C@@H](O)[C@]5(C)[C@H]4CC[C@]3(C)[C@H]1[C@@H]2C,C[C@@H]1CC[C@@]2([C@H]([C@H]3[C@@H](O2)C[C@@H]4[C@@]3(CC[C@H]5[C@H]4CC[C@H]6[C@@]5([C@@H]([C@@H]([C@H](C6)O)O)O)C)C)C)OC1,"(1S,2S,4S,5'R,6R,7S,8R,9S,12S,13S,14S,15R,16S,18R)-5',7,9,13-tetramethylspiro[5-oxapentacyclo[10.8.0.02,9.04,8.013,18]icosane-6,2'-oxane]-14,15,16-triol",448.6,C27H44O5,SRTGQBIWSBCVSM-RXWDRLOESA-N,True,True,,,PubChem,auto
21575006,C[C@H]1CC[C@@]2(OC1)O[C@H]1C[C@H]3[C@@H]4CC[C@@H]5C[C@@H](O[C@@H]6O[C@H](CO[C@@H]7OC[C@H](O)[C@H](O)[C@H]7O)[C@@H](O[C@@H]7OC[C@H](O)[C@H](O)[C@H]7O)[C@H](O)[C@H]6O[C@@H]6O[C@H](CO)[C@@H](O)[C@H](O)[C@H]6O)CC[C@]5(C)[C@H]4CC[C@]3(C)[C@H]1[C@@H]2C,C[C@H]1CC[C@@]2([C@H]([C@H]3[C@@H](O2)C[C@@H]4[C@@]3(CC[C@H]5[C@H]4CC[C@H]6[C@@]5(CC[C@@H](C6)O[C@H]7[C@@H]([C@H]([C@@H]([C@H](O7)CO[C@H]8[C@@H]([C@H]([C@H](CO8)O)O)O)O[C@H]9[C@@H]([C@H]([C@H](CO9)O)O)O)O)O[C@H]2[C@@H]([C@H]([C@@H]([C@H](O2)CO)O)O)O)C)C)C)OC1,"(2R,3S,4S,5R,6S)-2-(hydroxymethyl)-6-[(2R,3R,4S,5S,6R)-4-hydroxy-2-[(1R,2S,4S,5'S,6R,7S,8R,9S,12S,13S,16S,18R)-5',7,9,13-tetramethylspiro[5-oxapentacyclo[10.8.0.02,9.04,8.013,18]icosane-6,2'-oxane]-16-yl]oxy-5-[(2S,3R,4S,5S)-3,4,5-trihydroxyoxan-2-yl]oxy-6-[[(2S,3R,4S,5S)-3,4,5-trihydroxyoxan-2-yl]oxymethyl]oxan-3-yl]oxyoxane-3,4,5-triol",1005.1,C49H80O21,GLLQBFOUGGRCKY-YDJQLIBBSA-N,True,True,,,PubChem,auto
21575007,C[C@H]1CC[C@@]2(OC1)O[C@H]1C[C@H]3[C@@H]4CC[C@@H]5C[C@@H](O[C@@H]6O[C@H](CO)[C@@H](O)[C@H](O)[C@H]6O[C@@H]6O[C@H](CO)[C@@H](O)[C@H](O)[C@H]6O)CC[C@]5(C)[C@H]4CC[C@]3(C)[C@H]1[C@@H]2C,C[C@H]1CC[C@@]2([C@H]([C@H]3[C@@H](O2)C[C@@H]4[C@@]3(CC[C@H]5[C@H]4CC[C@H]6[C@@]5(CC[C@@H](C6)O[C@H]7[C@@H]([C@H]([C@@H]([C@H](O7)CO)O)O)O[C@H]8[C@@H]([C@H]([C@@H]([C@H](O8)CO)O)O)O)C)C)C)OC1,"(2S,3R,4S,5S,6R)-2-[(2R,3R,4S,5S,6R)-4,5-dihydroxy-6-(hydroxymethyl)-2-[(1R,2S,4S,5'S,6R,7S,8R,9S,12S,13S,16S,18R)-5',7,9,13-tetramethylspiro[5-oxapentacyclo[10.8.0.02,9.04,8.013,18]icosane-6,2'-oxane]-16-yl]oxyoxan-3-yl]oxy-6-(hydroxymethyl)oxane-3,4,5-triol",740.9,C39H64O13,MMTWXUQMLQGAPC-XIBAMJMMSA-N,True,True,,,PubChem,auto
21603986,C[C@@H]1CC[C@@]2(OC1)O[C@H]1C[C@H]3[C@@H]4CC=C5C[C@@H](O[C@@H]6O[C@H](CO)[C@@H](O[C@@H]7O[C@@H](C)[C@H](O[C@@H]8O[C@@H](C)[C@H](O)[C@@H](O)[C@H]8O)[C@@H](O)[C@H]7O)[C@H](O)[C@H]6O[C@@H]6O[C@@H](C)[C@H](O)[C@@H](O)[C@H]6O)CC[C@]5(C)[C@H]4CC[C@]3(C)[C@H]1[C@@H]2C,C[C@@H]1CC[C@@]2([C@H]([C@H]3[C@@H](O2)C[C@@H]4[C@@]3(CC[C@H]5[C@H]4CC=C6[C@@]5(CC[C@@H](C6)O[C@H]7[C@@H]([C@H]([C@@H]([C@H](O7)CO)O[C@H]8[C@@H]([C@@H]([C@H]([C@@H](O8)C)O[C@H]9[C@@H]([C@@H]([C@H]([C@@H](O9)C)O)O)O)O)O)O)O[C@H]2[C@@H]([C@@H]([C@H]([C@@H](O2)C)O)O)O)C)C)C)OC1,"(2S,3R,4R,5R,6S)-2-[(2S,3R,4S,5R,6S)-4,5-dihydroxy-6-[(2R,3S,4S,5R,6R)-4-hydroxy-2-(hydroxymethyl)-6-[(1S,2S,4S,5'R,6R,7S,8R,9S,12S,13R,16S)-5',7,9,13-tetramethylspiro[5-oxapentacyclo[10.8.0.02,9.04,8.013,18]icos-18-ene-6,2'-oxane]-16-yl]oxy-5-[(2S,3R,4R,5R,6S)-3,4,5-trihydroxy-6-methyloxan-2-yl]oxyoxan-3-yl]oxy-2-methyloxan-3-yl]oxy-6-methyloxane-3,4,5-triol",1015.2,C51H82O20,OZIHYFWYFUSXIS-HDDFSWBLSA-N,True,True,,,PubChem,auto
21630160,C[C@H]1CC[C@@]2(OC1)O[C@H]1C[C@H]3[C@@H]4CC=C5C[C@@H](O[C@@H]6O[C@@H](C)[C@H](O)[C@@H](O)[C@H]6O)C[C@@H](O[C@@H]6O[C@H](C)[C@H](O)[C@H](O)[C@H]6O)[C@]5(C)[C@H]4CC[C@]3(C)[C@H]1[C@@H]2C,C[C@H]1CC[C@@]2([C@H]([C@H]3[C@@H](O2)C[C@@H]4[C@@]3(CC[C@H]5[C@H]4CC=C6[C@@]5([C@@H](C[C@@H](C6)O[C@H]7[C@@H]([C@@H]([C@H]([C@@H](O7)C)O)O)O)O[C@H]8[C@@H]([C@H]([C@H]([C@H](O8)C)O)O)O)C)C)C)OC1,"(2S,3R,4R,5R,6R)-2-methyl-6-[(1S,2S,4S,5'S,6R,7S,8R,9S,12S,13R,14R,16R)-5',7,9,13-tetramethyl-14-[(2R,3R,4S,5R,6R)-3,4,5-trihydroxy-6-methyloxan-2-yl]oxyspiro[5-oxapentacyclo[10.8.0.02,9.04,8.013,18]icos-18-ene-6,2'-oxane]-16-yl]oxyoxane-3,4,5-triol",722.9,C39H62O12,RMIQIULKBBCLIL-KJXSMTROSA-N,True,True,,,PubChem,auto
44410621,CO[C@]1(CC[C@H](C)CO)O[C@H]2C[C@H]3[C@@H]4CC=C5C[C@@H](O[C@@H]6O[C@H](CO)[C@@H](O)[C@H](O[C@@H]7O[C@H](CO)[C@@H](O)[C@H](O)[C@H]7O)[C@H]6O[C@@H]6O[C@@H](C)[C@H](O)[C@@H](O)[C@H]6O)CC[C@]5(C)[C@H]4CC[C@]3(C)[C@H]2[C@@H]1C,C[C@H]1[C@H]2[C@H](C[C@@H]3[C@@]2(CC[C@H]4[C@H]3CC=C5[C@@]4(CC[C@@H](C5)O[C@H]6[C@@H]([C@H]([C@@H]([C@H](O6)CO)O)O[C@H]7[C@@H]([C@H]([C@@H]([C@H](O7)CO)O)O)O)O[C@H]8[C@@H]([C@@H]([C@H]([C@@H](O8)C)O)O)O)C)C)O[C@@]1(CC[C@H](C)CO)OC,"(2S,3R,4R,5R,6S)-2-[(2R,3R,4S,5R,6R)-5-hydroxy-6-(hydroxymethyl)-2-[[(1S,2S,4S,6R,7S,8R,9S,12S,13R,16S)-6-[(3S)-4-hydroxy-3-methylbutyl]-6-methoxy-7,9,13-trimethyl-5-oxapentacyclo[10.8.0.02,9.04,8.013,18]icos-18-en-16-yl]oxy]-4-[(2S,3R,4S,5S,6R)-3,4,5-trihydroxy-6-(hydroxymethyl)oxan-2-yl]oxyoxan-3-yl]oxy-6-methyloxane-3,4,5-triol",917.1,C46H76O18,YDURWQJGBGEELH-KEHPPEEVSA-N,True,True,,,PubChem,auto
44429637,C[C@@H]1CC[C@@]2(OC1)O[C@H]1C[C@H]3[C@@H]4CC=C5C[C@@H](O[C@@H]6O[C@H](CO)[C@@H](O)[C@H](O[C@@H]7O[C@@H](C)[C@H](O)[C@@H](O)[C@H]7O)[C@H]6O)CC[C@]5(C)[C@H]4CC[C@]3(C)[C@H]1[C@@H]2C,C[C@@H]1CC[C@@]2([C@H]([C@H]3[C@@H](O2)C[C@@H]4[C@@]3(CC[C@H]5[C@H]4CC=C6[C@@]5(CC[C@@H](C6)O[C@H]7[C@@H]([C@H]([C@@H]([C@H](O7)CO)O)O[C@H]8[C@@H]([C@@H]([C@H]([C@@H](O8)C)O)O)O)O)C)C)C)OC1,"(2S,3R,4R,5R,6S)-2-[(2R,3R,4S,5R,6R)-3,5-dihydroxy-2-(hydroxymethyl)-6-[(1S,2S,4S,5'R,6R,7S,8R,9S,12S,13R,16S)-5',7,9,13-tetramethylspiro[5-oxapentacyclo[10.8.0.02,9.04,8.013,18]icos-18-ene-6,2'-oxane]-16-yl]oxyoxan-4-yl]oxy-6-methyloxane-3,4,5-triol",722.9,C39H62O12,OJCPWEBMROBPTK-GTCMQMDYSA-N,True,True,,,PubChem,auto
44429638,C[C@@H]1CC[C@@]2(OC1)O[C@H]1C[C@H]3[C@@H]4CC=C5C[C@@H](O[C@@H]6O[C@H](CO)[C@@H](O[C@@H]7O[C@@H](C)[C@H](O)[C@@H](O)[C@H]7O)[C@H](O)[C@H]6O)CC[C@]5(C)[C@H]4CC[C@]3(C)[C@H]1[C@@H]2C,C[C@@H]1CC[C@@]2([C@H]([C@H]3[C@@H](O2)C[C@@H]4[C@@]3(CC[C@H]5[C@H]4CC=C6[C@@]5(CC[C@@H](C6)O[C@H]7[C@@H]([C@H]([C@@H]([C@H](O7)CO)O[C@H]8[C@@H]([C@@H]([C@H]([C@@H](O8)C)O)O)O)O)O)C)C)C)OC1,"(2S,3R,4R,5R,6S)-2-[(2R,3S,4R,5R,6R)-4,5-dihydroxy-2-(hydroxymethyl)-6-[(1S,2S,4S,5'R,6R,7S,8R,9S,12S,13R,16S)-5',7,9,13-tetramethylspiro[5-oxapentacyclo[10.8.0.02,9.04,8.013,18]icos-18-ene-6,2'-oxane]-16-yl]oxyoxan-3-yl]oxy-6-methyloxane-3,4,5-triol",722.9,C39H62O12,ZUMDKMTZYHACBK-HCTICQNOSA-N,True,True,,,PubChem,auto
44429645,C[C@@H]1CC[C@@]2(OC1)O[C@H]1C[C@H]3[C@@H]4CC=C5C[C@@H](O[C@@H]6O[C@H](CO)[C@@H](O)[C@H](O[C@@H]7O[C@@H](C)[C@H](O)[C@@H](O)[C@H]7O)[C@H]6O[C@H]6O[C@H](C)[C@@H](O)[C@H](O)[C@@H]6O)CC[C@]5(C)[C@H]4CC[C@]3(C)[C@H]1[C@@H]2C,C[C@@H]1CC[C@@]2([C@H]([C@H]3[C@@H](O2)C[C@@H]4[C@@]3(CC[C@H]5[C@H]4CC=C6[C@@]5(CC[C@@H](C6)O[C@H]7[C@@H]([C@H]([C@@H]([C@H](O7)CO)O)O[C@H]8[C@@H]([C@@H]([C@H]([C@@H](O8)C)O)O)O)O[C@@H]9[C@H]([C@H]([C@@H]([C@H](O9)C)O)O)O)C)C)C)OC1,"(2S,3R,4R,5R,6S)-2-[(2R,3R,4S,5R,6R)-3-hydroxy-2-(hydroxymethyl)-6-[(1S,2S,4S,5'R,6R,7S,8R,9S,12S,13R,16S)-5',7,9,13-tetramethylspiro[5-oxapentacyclo[10.8.0.02,9.04,8.013,18]icos-18-ene-6,2'-oxane]-16-yl]oxy-5-[(2R,3S,4S,5S,6R)-3,4,5-trihydroxy-6-methyloxan-2-yl]oxyoxan-4-yl]oxy-6-methyloxane-3,4,5-triol",869.0,C45H72O16,LWMZJBVLZFGRJF-OFEPKVMWSA-N,True,True,,,PubChem,auto
44566783,CO[C@]1(CC[C@@H](C)CO[C@@H]2O[C@H](CO)[C@@H](O)[C@H](O)[C@H]2O)O[C@H]2C[C@H]3[C@@H]4CC=C5C[C@@H](O[C@@H]6O[C@H](CO)[C@@H](O)[C@H](O[C@@H]7O[C@H](CO)[C@@H](O)[C@H](O)[C@H]7O)[C@H]6O[C@@H]6O[C@@H](C)[C@H](O)[C@@H](O)[C@H]6O)CC[C@]5(C)[C@H]4CC[C@]3(C)[C@H]2[C@@H]1C,C[C@H]1[C@H]2[C@H](C[C@@H]3[C@@]2(CC[C@H]4[C@H]3CC=C5[C@@]4(CC[C@@H](C5)O[C@H]6[C@@H]([C@H]([C@@H]([C@H](O6)CO)O)O[C@H]7[C@@H]([C@H]([C@@H]([C@H](O7)CO)O)O)O)O[C@H]8[C@@H]([C@@H]([C@H]([C@@H](O8)C)O)O)O)C)C)O[C@@]1(CC[C@@H](C)CO[C@H]9[C@@H]([C@H]([C@@H]([C@H](O9)CO)O)O)O)OC,"(2S,3R,4R,5R,6S)-2-[(2R,3R,4S,5R,6R)-5-hydroxy-6-(hydroxymethyl)-2-[[(1S,2S,4S,6R,7S,8R,9S,12S,13R,16S)-6-methoxy-7,9,13-trimethyl-6-[(3R)-3-methyl-4-[(2S,3R,4S,5S,6R)-3,4,5-trihydroxy-6-(hydroxymethyl)oxan-2-yl]oxybutyl]-5-oxapentacyclo[10.8.0.02,9.04,8.013,18]icos-18-en-16-yl]oxy]-4-[(2S,3R,4S,5S,6R)-3,4,5-trihydroxy-6-(hydroxymethyl)oxan-2-yl]oxyoxan-3-yl]oxy-6-methyloxane-3,4,5-triol",1079.2,C52H86O23,LOSNTJHBTWBJCC-QTGARSGCSA-N,True,True,,,PubChem,auto
44576182,C[C@H]1CC[C@@]2(OC1)O[C@H]1C[C@H]3[C@@H]4CC=C5C[C@@H](O[C@@H]6O[C@H](CO)[C@@H](O[C@@H]7O[C@H](CO)[C@@H](O)[C@H](O)[C@H]7O)[C@H](O)[C@H]6O[C@@H]6O[C@@H](C)[C@H](O)[C@@H](O)[C@H]6O)CC[C@]5(C)[C@H]4CC[C@]3(C)[C@H]1[C@@H]2C,C[C@H]1CC[C@@]2([C@H]([C@H]3[C@@H](O2)C[C@@H]4[C@@]3(CC[C@H]5[C@H]4CC=C6[C@@]5(CC[C@@H](C6)O[C@H]7[C@@H]([C@H]([C@@H]([C@H](O7)CO)O[C@H]8[C@@H]([C@H]([C@@H]([C@H](O8)CO)O)O)O)O)O[C@H]9[C@@H]([C@@H]([C@H]([C@@H](O9)C)O)O)O)C)C)C)OC1,"(2S,3R,4R,5R,6S)-2-[(2R,3R,4S,5S,6R)-4-hydroxy-6-(hydroxymethyl)-2-[(1S,2S,4S,5'S,6R,7S,8R,9S,12S,13R,16S)-5',7,9,13-tetramethylspiro[5-oxapentacyclo[10.8.0.02,9.04,8.013,18]icos-18-ene-6,2'-oxane]-16-yl]oxy-5-[(2S,3R,4S,5S,6R)-3,4,5-trihydroxy-6-(hydroxymethyl)oxan-2-yl]oxyoxan-3-yl]oxy-6-methyloxane-3,4,5-triol",885.0,C45H72O17,OLAMGHNQGZIWHZ-WUTVBGSCSA-N,True,True,,,PubChem,auto
44576183,C[C@H]1CC[C@@]2(OC1)O[C@H]1C[C@H]3[C@@H]4CC=C5C[C@@H](O[C@@H]6O[C@H](CO)[C@@H](O[C@@H]7O[C@H](CO)[C@@H](O)[C@H](O[C@@H]8OC[C@@H](O)[C@H](O)[C@H]8O)[C@H]7O)[C@H](O)[C@H]6O[C@@H]6O[C@@H](C)[C@H](O)[C@@H](O)[C@H]6O)CC[C@]5(C)[C@H]4CC[C@]3(C)[C@H]1[C@@H]2C,C[C@H]1CC[C@@]2([C@H]([C@H]3[C@@H](O2)C[C@@H]4[C@@]3(CC[C@H]5[C@H]4CC=C6[C@@]5(CC[C@@H](C6)O[C@H]7[C@@H]([C@H]([C@@H]([C@H](O7)CO)O[C@H]8[C@@H]([C@H]([C@@H]([C@H](O8)CO)O)O[C@H]9[C@@H]([C@H]([C@@H](CO9)O)O)O)O)O)O[C@H]2[C@@H]([C@@H]([C@H]([C@@H](O2)C)O)O)O)C)C)C)OC1,"(2S,3R,4R,5R,6S)-2-[(2R,3R,4S,5S,6R)-5-[(2S,3R,4S,5R,6R)-3,5-dihydroxy-6-(hydroxymethyl)-4-[(2S,3R,4S,5R)-3,4,5-trihydroxyoxan-2-yl]oxyoxan-2-yl]oxy-4-hydroxy-6-(hydroxymethyl)-2-[(1S,2S,4S,5'S,6R,7S,8R,9S,12S,13R,16S)-5',7,9,13-tetramethylspiro[5-oxapentacyclo[10.8.0.02,9.04,8.013,18]icos-18-ene-6,2'-oxane]-16-yl]oxyoxan-3-yl]oxy-6-methyloxane-3,4,5-triol",1017.2,C50H80O21,DYAJQSYEQXVRFW-RAEGJVERSA-N,True,True,,,PubChem,auto
45268171,CO[C@]1(CC[C@@H](C)CO)O[C@H]2C[C@H]3[C@@H]4CC=C5C[C@@H](O[C@@H]6O[C@H](CO)[C@@H](O)[C@H](O)[C@H]6O[C@@H]6O[C@@H](C)[C@H](O)[C@@H](O)[C@H]6O)CC[C@]5(C)[C@H]4CC[C@]3(C)[C@H]2[C@@H]1C,C[C@H]1[C@H]2[C@H](C[C@@H]3[C@@]2(CC[C@H]4[C@H]3CC=C5[C@@]4(CC[C@@H](C5)O[C@H]6[C@@H]([C@H]([C@@H]([C@H](O6)CO)O)O)O[C@H]7[C@@H]([C@@H]([C@H]([C@@H](O7)C)O)O)O)C)C)O[C@@]1(CC[C@@H](C)CO)OC,"(2S,3R,4R,5R,6S)-2-[(2R,3R,4S,5S,6R)-4,5-dihydroxy-6-(hydroxymethyl)-2-[[(1S,2S,4S,6R,7S,8R,9S,12S,13R,16S)-6-[(3R)-4-hydroxy-3-methylbutyl]-6-methoxy-7,9,13-trimethyl-5-oxapentacyclo[10.8.0.02,9.04,8.013,18]icos-18-en-16-yl]oxy]oxan-3-yl]oxy-6-methyloxane-3,4,5-triol",754.9,C40H66O13,AJIYTUOGKKKZMQ-VJKRXIFJSA-N,True,True,,,PubChem,auto
45268172,CO[C@]1(CC[C@@H](C)CO)O[C@H]2C[C@H]3[C@@H]4CC=C5C[C@@H](O[C@H]6O[C@H](CO)[C@@H](O)[C@H](O)[C@H]6O[C@@H]6O[C@@H](C)[C@H](O)[C@@H](O)[C@H]6O)CC[C@]5(C)[C@H]4CC[C@]3(C)[C@H]2[C@@H]1C,C[C@H]1[C@H]2[C@H](C[C@@H]3[C@@]2(CC[C@H]4[C@H]3CC=C5[C@@]4(CC[C@@H](C5)O[C@@H]6[C@@H]([C@H]([C@@H]([C@H](O6)CO)O)O)O[C@H]7[C@@H]([C@@H]([C@H]([C@@H](O7)C)O)O)O)C)C)O[C@@]1(CC[C@@H](C)CO)OC,"(2S,3R,4R,5R,6S)-2-[(2S,3R,4S,5S,6R)-4,5-dihydroxy-6-(hydroxymethyl)-2-[[(1S,2S,4S,6R,7S,8R,9S,12S,13R,16S)-6-[(3R)-4-hydroxy-3-methylbutyl]-6-methoxy-7,9,13-trimethyl-5-oxapentacyclo[10.8.0.02,9.04,8.013,18]icos-18-en-16-yl]oxy]oxan-3-yl]oxy-6-methyloxane-3,4,5-triol",754.9,C40H66O13,AJIYTUOGKKKZMQ-QJWPDGQYSA-N,True,True,,,PubChem,auto
45270736,CO[C@]1(CC[C@@H](C)CO)O[C@H]2C[C@H]3[C@@H]4CC=C5C[C@@H](O[C@@H]6O[C@H](CO)[C@@H](O)[C@H](O[C@@H]7O[C@H](CO)[C@@H](O)[C@H](O)[C@H]7O)[C@H]6O[C@@H]6O[C@@H](C)[C@H](O)[C@@H](O)[C@H]6O)CC[C@]5(C)[C@H]4CC[C@]3(C)[C@H]2[C@@H]1C,C[C@H]1[C@H]2[C@H](C[C@@H]3[C@@]2(CC[C@H]4[C@H]3CC=C5[C@@]4(CC[C@@H](C5)O[C@H]6[C@@H]([C@H]([C@@H]([C@H](O6)CO)O)O[C@H]7[C@@H]([C@H]([C@@H]([C@H](O7)CO)O)O)O)O[C@H]8[C@@H]([C@@H]([C@H]([C@@H](O8)C)O)O)O)C)C)O[C@@]1(CC[C@@H](C)CO)OC,"(2S,3R,4R,5R,6S)-2-[(2R,3R,4S,5R,6R)-5-hydroxy-6-(hydroxymethyl)-2-[[(1S,2S,4S,6R,7S,8R,9S,12S,13R,16S)-6-[(3R)-4-hydroxy-3-methylbutyl]-6-methoxy-7,9,13-trimethyl-5-oxapentacyclo[10.8.0.02,9.04,8.013,18]icos-18-en-16-yl]oxy]-4-[(2S,3R,4S,5S,6R)-3,4,5-trihydroxy-6-(hydroxymethyl)oxan-2-yl]oxyoxan-3-yl]oxy-6-methyloxane-3,4,5-triol",917.1,C46H76O18,YDURWQJGBGEELH-DIHIZIDRSA-N,True,True,,,PubChem,auto
45273337,CO[C@]1(CC[C@@H](C)CO)O[C@H]2C[C@H]3[C@@H]4CC=C5C[C@@H](O[C@H]6O[C@H](CO)[C@@H](O)[C@H](O[C@@H]7O[C@H](CO)[C@@H](O)[C@H](O)[C@H]7O)[C@H]6O[C@@H]6O[C@@H](C)[C@H](O)[C@@H](O)[C@H]6O)CC[C@]5(C)[C@H]4CC[C@]3(C)[C@H]2[C@@H]1C,C[C@H]1[C@H]2[C@H](C[C@@H]3[C@@]2(CC[C@H]4[C@H]3CC=C5[C@@]4(CC[C@@H](C5)O[C@@H]6[C@@H]([C@H]([C@@H]([C@H](O6)CO)O)O[C@H]7[C@@H]([C@H]([C@@H]([C@H](O7)CO)O)O)O)O[C@H]8[C@@H]([C@@H]([C@H]([C@@H](O8)C)O)O)O)C)C)O[C@@]1(CC[C@@H](C)CO)OC,"(2S,3R,4R,5R,6S)-2-[(2S,3R,4S,5R,6R)-5-hydroxy-6-(hydroxymethyl)-2-[[(1S,2S,4S,6R,7S,8R,9S,12S,13R,16S)-6-[(3R)-4-hydroxy-3-methylbutyl]-6-methoxy-7,9,13-trimethyl-5-oxapentacyclo[10.8.0.02,9.04,8.013,18]icos-18-en-16-yl]oxy]-4-[(2S,3R,4S,5S,6R)-3,4,5-trihydroxy-6-(hydroxymethyl)oxan-2-yl]oxyoxan-3-yl]oxy-6-methyloxane-3,4,5-triol",917.1,C46H76O18,YDURWQJGBGEELH-IHUWETLJSA-N,True,True,,,PubChem,auto
45360146,C[C@H]1CC[C@@]2(OC1)O[C@H]1CC3C4CC=C5C[C@H](O)C[C@@H](O[C@@H]6O[C@@H](C)[C@H](O)[C@@H](O)[C@H]6O[C@@H]6O[C@@H](C)[C@H](O)[C@@H](O)[C@H]6O)[C@]5(C)C4CC[C@]3(C)[C@H]1[C@@H]2C,C[C@H]1CC[C@@]2([C@H]([C@H]3[C@@H](O2)CC4[C@@]3(CCC5C4CC=C6[C@@]5([C@@H](C[C@H](C6)O)O[C@H]7[C@@H]([C@@H]([C@H]([C@@H](O7)C)O)O)O[C@H]8[C@@H]([C@@H]([C@H]([C@@H](O8)C)O)O)O)C)C)C)OC1,"(2S,3R,4R,5R,6S)-2-[(2R,3R,4R,5R,6S)-4,5-dihydroxy-2-[(4S,5'S,6R,7S,8R,9S,13R,14R,16S)-16-hydroxy-5',7,9,13-tetramethylspiro[5-oxapentacyclo[10.8.0.02,9.04,8.013,18]icos-18-ene-6,2'-oxane]-14-yl]oxy-6-methyloxan-3-yl]oxy-6-methyloxane-3,4,5-triol",722.9,C39H62O12,OWGURJWJHWYCIQ-KDGNORDSSA-N,True,True,,,PubChem,auto
45360188,CC1CCC2(OC1)OC1CC3C4CC=C5CC(O)CC(O[C@@H]6OC[C@@H](O)[C@H](O)[C@H]6O)C5(C)C4CCC3(C)C1(O)C2C,CC1CCC2(C(C3(C(O2)CC4C3(CCC5C4CC=C6C5(C(CC(C6)O)O[C@H]7[C@@H]([C@H]([C@@H](CO7)O)O)O)C)C)O)C)OC1,"(2S,3R,4S,5R)-2-(8,16-dihydroxy-5',7,9,13-tetramethylspiro[5-oxapentacyclo[10.8.0.02,9.04,8.013,18]icos-18-ene-6,2'-oxane]-14-yl)oxyoxane-3,4,5-triol",578.7,C32H50O9,HVNSMSNIQCASPS-KSSYOAMNSA-N,True,True,,,PubChem,auto
46173857,C[C@@H]1CC[C@@]2(OC1)O[C@H]1C[C@H]3[C@@H]4CC=C5C[C@@H](O)C[C@@H](O[C@@H]6O[C@H](C)[C@H](O)[C@H](O)[C@H]6O[C@@H]6O[C@@H](C)[C@H](O)[C@@H](O)[C@H]6O)[C@]5(C)[C@H]4CC[C@]3(C)[C@H]1[C@@H]2C,C[C@@H]1CC[C@@]2([C@H]([C@H]3[C@@H](O2)C[C@@H]4[C@@]3(CC[C@H]5[C@H]4CC=C6[C@@]5([C@@H](C[C@@H](C6)O)O[C@H]7[C@@H]([C@H]([C@H]([C@H](O7)C)O)O)O[C@H]8[C@@H]([C@@H]([C@H]([C@@H](O8)C)O)O)O)C)C)C)OC1,"(2S,3R,4R,5R,6S)-2-[(2R,3R,4S,5R,6R)-4,5-dihydroxy-2-[(1S,2S,4S,5'R,6R,7S,8R,9S,12S,13R,14R,16R)-16-hydroxy-5',7,9,13-tetramethylspiro[5-oxapentacyclo[10.8.0.02,9.04,8.013,18]icos-18-ene-6,2'-oxane]-14-yl]oxy-6-methyloxan-3-yl]oxy-6-methyloxane-3,4,5-triol",722.9,C39H62O12,OWGURJWJHWYCIQ-AKYREZHBSA-N,True,True,,,PubChem,auto
46173859,C[C@@H]1CC[C@@]2(OC1)O[C@H]1C[C@H]3[C@@H]4CC=C5C[C@@H](O)C[C@@H](O[C@@H]6O[C@H](C)[C@H](O)[C@H](O[C@@H]7OC[C@@H](O)[C@H](O)[C@H]7O)[C@H]6O[C@@H]6O[C@@H](C)[C@H](O)[C@@H](O)[C@H]6O)[C@]5(C)[C@H]4CC[C@]3(C)[C@H]1[C@@H]2C,C[C@@H]1CC[C@@]2([C@H]([C@H]3[C@@H](O2)C[C@@H]4[C@@]3(CC[C@H]5[C@H]4CC=C6[C@@]5([C@@H](C[C@@H](C6)O)O[C@H]7[C@@H]([C@H]([C@H]([C@H](O7)C)O)O[C@H]8[C@@H]([C@H]([C@@H](CO8)O)O)O)O[C@H]9[C@@H]([C@@H]([C@H]([C@@H](O9)C)O)O)O)C)C)C)OC1,"(2S,3R,4R,5R,6S)-2-[(2R,3R,4S,5S,6R)-5-hydroxy-2-[(1S,2S,4S,5'R,6R,7S,8R,9S,12S,13R,14R,16R)-16-hydroxy-5',7,9,13-tetramethylspiro[5-oxapentacyclo[10.8.0.02,9.04,8.013,18]icos-18-ene-6,2'-oxane]-14-yl]oxy-6-methyl-4-[(2S,3R,4S,5R)-3,4,5-trihydroxyoxan-2-yl]oxyoxan-3-yl]oxy-6-methyloxane-3,4,5-triol",855.0,C44H70O16,FHKHGNFKBPFJCB-LYLKFOBISA-N,True,True,,,PubChem,auto
46877361,C[C@H](CCC1(O)OC2CC3C4CC=C5C[C@@H](O[C@@H]6O[C@H](CO)C(O[C@@H]7O[C@@H](CO)[C@H](O)[C@H]7O)[C@@H](O)[C@H]6O[C@@H]6O[C@@H](C)[C@H](O)[C@@H](O)[C@H]6O)CC[C@]5(C)C4CC[C@]3(C)C2[C@@H]1C)CO[C@@H]1O[C@H](CO)[C@@H](O)[C@H](O)[C@H]1O,C[C@H]1[C@@H]([C@H]([C@H]([C@@H](O1)O[C@@H]2[C@@H](C([C@H](O[C@H]2O[C@H]3CC[C@@]4(C5CC[C@]6(C(C5CC=C4C3)CC7C6[C@@H](C(O7)(CC[C@@H](C)CO[C@H]8[C@@H]([C@H]([C@@H]([C@H](O8)CO)O)O)O)O)C)C)C)CO)O[C@H]9[C@@H]([C@H]([C@@H](O9)CO)O)O)O)O)O)O,"(2S,3R,4R,5R,6S)-2-[(2R,3R,4R,6R)-5-[(2S,3R,4R,5S)-3,4-dihydroxy-5-(hydroxymethyl)oxolan-2-yl]oxy-4-hydroxy-6-(hydroxymethyl)-2-[[(7S,9S,13R,16S)-6-hydroxy-7,9,13-trimethyl-6-[(3R)-3-methyl-4-[(2R,3R,4S,5S,6R)-3,4,5-trihydroxy-6-(hydroxymethyl)oxan-2-yl]oxybutyl]-5-oxapentacyclo[10.8.0.02,9.04,8.013,18]icos-18-en-16-yl]oxy]oxan-3-yl]oxy-6-methyloxane-3,4,5-triol",1035.2,C50H82O22,FAFUWLJMHOPRJO-WASAKHJBSA-N,True,True,,,PubChem,auto
56924627,C[C@H](CC[C@@]1(O)O[C@H]2C[C@H]3[C@@H]4CC=C5C[C@@H](O[C@@H]6O[C@H](CO)[C@@H](O[C@@H]7O[C@@H](C)[C@H](O[C@@H]8O[C@@H](C)[C@H](O)[C@@H](O)[C@H]8O)[C@@H](O)[C@H]7O)[C@H](O)[C@H]6O[C@@H]6O[C@@H](C)[C@H](O)[C@@H](O)[C@H]6O)CC[C@]5(C)[C@H]4CC[C@]3(C)[C@H]2[C@@H]1C)CO[C@@H]1O[C@H](CO)[C@@H](O)[C@H](O)[C@H]1O,C[C@H]1[C@H]2[C@H](C[C@@H]3[C@@]2(CC[C@H]4[C@H]3CC=C5[C@@]4(CC[C@@H](C5)O[C@H]6[C@@H]([C@H]([C@@H]([C@H](O6)CO)O[C@H]7[C@@H]([C@@H]([C@H]([C@@H](O7)C)O[C@H]8[C@@H]([C@@H]([C@H]([C@@H](O8)C)O)O)O)O)O)O)O[C@H]9[C@@H]([C@@H]([C@H]([C@@H](O9)C)O)O)O)C)C)O[C@@]1(CC[C@@H](C)CO[C@H]1[C@@H]([C@H]([C@@H]([C@H](O1)CO)O)O)O)O,"(2S,3R,4R,5R,6S)-2-[(2S,3R,4S,5R,6S)-4,5-dihydroxy-6-[(2R,3S,4S,5R,6R)-4-hydroxy-2-(hydroxymethyl)-6-[[(1S,2S,4S,6R,7S,8R,9S,12S,13R,16S)-6-hydroxy-7,9,13-trimethyl-6-[(3R)-3-methyl-4-[(2R,3R,4S,5S,6R)-3,4,5-trihydroxy-6-(hydroxymethyl)oxan-2-yl]oxybutyl]-5-oxapentacyclo[10.8.0.02,9.04,8.013,18]icos-18-en-16-yl]oxy]-5-[(2S,3R,4R,5R,6S)-3,4,5-trihydroxy-6-methyloxan-2-yl]oxyoxan-3-yl]oxy-2-methyloxan-3-yl]oxy-6-methyloxane-3,4,5-triol",1195.3,C57H94O26,YHKROSUJLZTZDS-BZISHKIGSA-N,True,True,,,PubChem,auto
73092197,CC1CCC2(OC1)OC1CC3C4CC=C5CC(OC6OC(CO)C(O)C(O)C6OC6OC(CO)C(O)C(O)C6O)CCC5(C)C4CCC3(C)C1C2C,CC1CCC2(C(C3C(O2)CC4C3(CCC5C4CC=C6C5(CCC(C6)OC7C(C(C(C(O7)CO)O)O)OC8C(C(C(C(O8)CO)O)O)O)C)C)C)OC1,"2-[4,5-dihydroxy-6-(hydroxymethyl)-2-(5',7,9,13-tetramethylspiro[5-oxapentacyclo[10.8.0.02,9.04,8.013,18]icos-18-ene-6,2'-oxane]-16-yl)oxyoxan-3-yl]oxy-6-(hydroxymethyl)oxane-3,4,5-triol",738.9,C39H62O13,SOSXYUIKBSZONB-UHFFFAOYSA-N,True,True,,,PubChem,auto
73198950,CC(CCC1(O)OC2CC3C4CC=C5CC(OC6OC(CO)C(O)C(O)C6OC6OC(C)C(O)C(O)C6O)CCC5(C)C4CCC3(C)C2C1C)COC1OC(CO)C(O)C(O)C1O,CC1C2C(CC3C2(CCC4C3CC=C5C4(CCC(C5)OC6C(C(C(C(O6)CO)O)O)OC7C(C(C(C(O7)C)O)O)O)C)C)OC1(CCC(C)COC8C(C(C(C(O8)CO)O)O)O)O,"2-[4,5-dihydroxy-6-(hydroxymethyl)-2-[[6-hydroxy-7,9,13-trimethyl-6-[3-methyl-4-[3,4,5-trihydroxy-6-(hydroxymethyl)oxan-2-yl]oxybutyl]-5-oxapentacyclo[10.8.0.02,9.04,8.013,18]icos-18-en-16-yl]oxy]oxan-3-yl]oxy-6-methyloxane-3,4,5-triol",903.1,C45H74O18,KNZSXKKCTOYLSV-UHFFFAOYSA-N,True,True,,,PubChem,auto
73265288,C[C@@H]1CC[C@@]2(OC1)O[C@H]1C[C@H]3[C@@H]4CC=C5C[C@@H](O[C@@H]6O[C@H](CO)[C@@H](O[C@@H]7O[C@@H](C)[C@H](O)[C@@H](O)[C@@H]7O)[C@H](O)[C@@H]6O[C@@H]6O[C@@H](C)[C@H](O)[C@@H](O)[C@@H]6O)CC[C@]5(C)[C@@H]4CC[C@]3(C)[C@@H]1[C@H]2C,C[C@@H]1CC[C@@]2([C@@H]([C@@H]3[C@@H](O2)C[C@@H]4[C@@]3(CC[C@@H]5[C@H]4CC=C6[C@@]5(CC[C@@H](C6)O[C@H]7[C@H]([C@H]([C@@H]([C@H](O7)CO)O[C@H]8[C@H]([C@@H]([C@H]([C@@H](O8)C)O)O)O)O)O[C@H]9[C@H]([C@@H]([C@H]([C@@H](O9)C)O)O)O)C)C)C)OC1,"(2S,3S,4R,5R,6S)-2-[(2R,3S,4S,5S,6R)-4-hydroxy-2-(hydroxymethyl)-6-[(1S,2S,4S,5'R,6R,7R,8S,9S,12R,13R,16S)-5',7,9,13-tetramethylspiro[5-oxapentacyclo[10.8.0.02,9.04,8.013,18]icos-18-ene-6,2'-oxane]-16-yl]oxy-5-[(2S,3S,4R,5R,6S)-3,4,5-trihydroxy-6-methyloxan-2-yl]oxyoxan-3-yl]oxy-6-methyloxane-3,4,5-triol",869.0,C45H72O16,VNONINPVFQTJOC-METPVEPJSA-N,True,True,,,PubChem,auto
73754998,CC1CCC2(OC1)OC1CC3C4CC=C5CC(OC6OC(COC7OC(C)C(O)C(O)C7OC7(OC8OC(C)C(O)C(O)C8O)CC(O)C(O)C(C)O7)C(O)C(O)C6O)CCC5(C)C4CCC3(C)C1C2C,CC1CCC2(C(C3C(O2)CC4C3(CCC5C4CC=C6C5(CCC(C6)OC7C(C(C(C(O7)COC8C(C(C(C(O8)C)O)O)OC9(CC(C(C(O9)C)O)O)OC2C(C(C(C(O2)C)O)O)O)O)O)O)C)C)C)OC1,"2-[2-[4,5-dihydroxy-6-methyl-2-[[3,4,5-trihydroxy-6-(5',7,9,13-tetramethylspiro[5-oxapentacyclo[10.8.0.02,9.04,8.013,18]icos-18-ene-6,2'-oxane]-16-yl)oxyoxan-2-yl]methoxy]oxan-3-yl]oxy-4,5-dihydroxy-6-methyloxan-2-yl]oxy-6-methyloxane-3,4,5-triol",1015.2,C51H82O20,JXANHBVHGVNOQZ-UHFFFAOYSA-N,True,True,,,PubChem,auto
76152868,COC1(CCC(C)COC2OC(CO)C(O)C(O)C2O)OC2CC3C4CC=C5CC(OC6OC(CO)C(OC7OCC(O)C(O)C7O)C(O)C6OC6OC(C)C(O)C(O)C6O)CCC5(C)C4CCC3(C)C2C1C,CC1C2C(CC3C2(CCC4C3CC=C5C4(CCC(C5)OC6C(C(C(C(O6)CO)OC7C(C(C(CO7)O)O)O)O)OC8C(C(C(C(O8)C)O)O)O)C)C)OC1(CCC(C)COC9C(C(C(C(O9)CO)O)O)O)OC,"2-[4-hydroxy-6-(hydroxymethyl)-2-[[6-methoxy-7,9,13-trimethyl-6-[3-methyl-4-[3,4,5-trihydroxy-6-(hydroxymethyl)oxan-2-yl]oxybutyl]-5-oxapentacyclo[10.8.0.02,9.04,8.013,18]icos-18-en-16-yl]oxy]-5-(3,4,5-trihydroxyoxan-2-yl)oxyoxan-3-yl]oxy-6-methyloxane-3,4,5-triol",1049.2,C51H84O22,OGDZMTXQECKLNF-UHFFFAOYSA-N,True,True,,,PubChem,auto
85194599,CC(CCC1(O)OC2CC3C4CC=C5CC(OC6OC(CO)C(OC7OC(CO)C(O)C(OC8OC(CO)C(O)C(O)C8O)C7O)C(O)C6OC6OC(C)C(O)C(O)C6O)CCC5(C)C4CCC3(C)C2C1C)COC1OC(CO)C(O)C(O)C1O,CC1C2C(CC3C2(CCC4C3CC=C5C4(CCC(C5)OC6C(C(C(C(O6)CO)OC7C(C(C(C(O7)CO)O)OC8C(C(C(C(O8)CO)O)O)O)O)O)OC9C(C(C(C(O9)C)O)O)O)C)C)OC1(CCC(C)COC1C(C(C(C(O1)CO)O)O)O)O,"2-[5-[3,5-dihydroxy-6-(hydroxymethyl)-4-[3,4,5-trihydroxy-6-(hydroxymethyl)oxan-2-yl]oxyoxan-2-yl]oxy-4-hydroxy-6-(hydroxymethyl)-2-[[6-hydroxy-7,9,13-trimethyl-6-[3-methyl-4-[3,4,5-trihydroxy-6-(hydroxymethyl)oxan-2-yl]oxybutyl]-5-oxapentacyclo[10.8.0.02,9.04,8.013,18]icos-18-en-16-yl]oxy]oxan-3-yl]oxy-6-methyloxane-3,4,5-triol",1227.3,C57H94O28,GJVYYBVWPSQRTC-UHFFFAOYSA-N,True,True,,,PubChem,auto
102179219,C[C@H]1CC[C@@]2(OC1)O[C@H]1C[C@H]3[C@@H]4CC=C5C[C@@H](O[C@@H]6O[C@H](CO)[C@H](O[C@@H]7O[C@H](CO)[C@@H](O)[C@H](O)[C@H]7O[C@@H]7O[C@H](CO)[C@@H](O)[C@H](O)[C@H]7O)[C@H](O)[C@H]6O)CC[C@]5(C)[C@H]4CC[C@]3(C)[C@H]1[C@@H]2C,C[C@H]1CC[C@@]2([C@H]([C@H]3[C@@H](O2)C[C@@H]4[C@@]3(CC[C@H]5[C@H]4CC=C6[C@@]5(CC[C@@H](C6)O[C@H]7[C@@H]([C@H]([C@H]([C@H](O7)CO)O[C@H]8[C@@H]([C@H]([C@@H]([C@H](O8)CO)O)O)O[C@H]9[C@@H]([C@H]([C@@H]([C@H](O9)CO)O)O)O)O)O)C)C)C)OC1,"(2S,3R,4S,5S,6R)-2-[(2S,3R,4S,5S,6R)-2-[(2R,3R,4R,5R,6R)-4,5-dihydroxy-2-(hydroxymethyl)-6-[(1S,2S,4S,5'S,6R,7S,8R,9S,12S,13R,16S)-5',7,9,13-tetramethylspiro[5-oxapentacyclo[10.8.0.02,9.04,8.013,18]icos-18-ene-6,2'-oxane]-16-yl]oxyoxan-3-yl]oxy-4,5-dihydroxy-6-(hydroxymethyl)oxan-3-yl]oxy-6-(hydroxymethyl)oxane-3,4,5-triol",901.0,C45H72O18,IATOWVQMFQIWJG-WTMPTLJLSA-N,True,True,,,PubChem,auto
102445417,C[C@H](CCC1(O)O[C@H]2C[C@H]3[C@@H]4CC=C5C[C@@H](O[C@@H]6O[C@H](CO)[C@H](O)[C@H](O[C@@H]7O[C@H](CO)[C@@H](O)[C@H](O)[C@H]7O)[C@H]6O[C@@H]6O[C@@H](C)[C@H](O)[C@@H](O)[C@H]6O)CC[C@]5(C)[C@H]4CC[C@]3(C)[C@H]2[C@@H]1C)CO[C@@H]1O[C@H](CO)[C@@H](O)[C@H](O)[C@H]1O,C[C@H]1[C@H]2[C@H](C[C@@H]3[C@@]2(CC[C@H]4[C@H]3CC=C5[C@@]4(CC[C@@H](C5)O[C@H]6[C@@H]([C@H]([C@H]([C@H](O6)CO)O)O[C@H]7[C@@H]([C@H]([C@@H]([C@H](O7)CO)O)O)O)O[C@H]8[C@@H]([C@@H]([C@H]([C@@H](O8)C)O)O)O)C)C)OC1(CC[C@@H](C)CO[C@H]9[C@@H]([C@H]([C@@H]([C@H](O9)CO)O)O)O)O,"(2S,3R,4R,5R,6S)-2-[(2R,3R,4S,5S,6R)-5-hydroxy-6-(hydroxymethyl)-2-[[(1S,2S,4S,7S,8R,9S,12S,13R,16S)-6-hydroxy-7,9,13-trimethyl-6-[(3R)-3-methyl-4-[(2S,3R,4S,5S,6R)-3,4,5-trihydroxy-6-(hydroxymethyl)oxan-2-yl]oxybutyl]-5-oxapentacyclo[10.8.0.02,9.04,8.013,18]icos-18-en-16-yl]oxy]-4-[(2S,3R,4S,5S,6R)-3,4,5-trihydroxy-6-(hydroxymethyl)oxan-2-yl]oxyoxan-3-yl]oxy-6-methyloxane-3,4,5-triol",1065.2,C51H84O23,GMCGZPQYTRHQRU-FJFITWFLSA-N,True,True,,,PubChem,auto
102475150,C[C@@H]1CC[C@@]2(OC1)O[C@H]1C[C@H]3[C@@H]4CC=C5C[C@@H](O[C@@H]6O[C@H](CO)[C@@H](O[C@@H]7O[C@H](CO)[C@@H](O)[C@H](O[C@@H]8O[C@H](CO)[C@@H](O)[C@H](O)[C@H]8O)[C@H]7O)[C@H](O)[C@H]6O[C@@H]6O[C@@H](C)[C@H](O)[C@@H](O)[C@H]6O)CC[C@]5(C)[C@H]4CC[C@]3(C)[C@H]1[C@@H]2C,C[C@@H]1CC[C@@]2([C@H]([C@H]3[C@@H](O2)C[C@@H]4[C@@]3(CC[C@H]5[C@H]4CC=C6[C@@]5(CC[C@@H](C6)O[C@H]7[C@@H]([C@H]([C@@H]([C@H](O7)CO)O[C@H]8[C@@H]([C@H]([C@@H]([C@H](O8)CO)O)O[C@H]9[C@@H]([C@H]([C@@H]([C@H](O9)CO)O)O)O)O)O)O[C@H]2[C@@H]([C@@H]([C@H]([C@@H](O2)C)O)O)O)C)C)C)OC1,"(2S,3R,4R,5R,6S)-2-[(2R,3R,4S,5S,6R)-5-[(2S,3R,4S,5R,6R)-3,5-dihydroxy-6-(hydroxymethyl)-4-[(2S,3R,4S,5S,6R)-3,4,5-trihydroxy-6-(hydroxymethyl)oxan-2-yl]oxyoxan-2-yl]oxy-4-hydroxy-6-(hydroxymethyl)-2-[(1S,2S,4S,5'R,6R,7S,8R,9S,12S,13R,16S)-5',7,9,13-tetramethylspiro[5-oxapentacyclo[10.8.0.02,9.04,8.013,18]icos-18-ene-6,2'-oxane]-16-yl]oxyoxan-3-yl]oxy-6-methyloxane-3,4,5-triol",1047.2,C51H82O22,XJOTXMLDNWCDRH-HAUZKCKMSA-N,True,True,,,PubChem,auto
131750948,CC(CCC1(O)OC2CC3C4CC=C5CC(OC6OC(CO)C(O)C(OC7OC(CO)C(O)C(O)C7O)C6O)CCC5(C)C4CCC3(C)C2C1C)COC1OC(CO)C(O)C(O)C1O,CC1C2C(CC3C2(CCC4C3CC=C5C4(CCC(C5)OC6C(C(C(C(O6)CO)O)OC7C(C(C(C(O7)CO)O)O)O)O)C)C)OC1(CCC(C)COC8C(C(C(C(O8)CO)O)O)O)O,"2-[4-[16-[3,5-dihydroxy-6-(hydroxymethyl)-4-[3,4,5-trihydroxy-6-(hydroxymethyl)oxan-2-yl]oxyoxan-2-yl]oxy-6-hydroxy-7,9,13-trimethyl-5-oxapentacyclo[10.8.0.02,9.04,8.013,18]icos-18-en-6-yl]-2-methylbutoxy]-6-(hydroxymethyl)oxane-3,4,5-triol",919.1,C45H74O19,BEYZWBAAOITTJU-UHFFFAOYSA-N,True,True,,,PubChem,auto
131752407,CC(CCC1(O)OC2CC3C4CC=C5CC(OC6OC(COC7OC(CO)C(O)C(O)C7OC7OC(C)C(O)C(O)C7O)C(O)C(O)C6O)CCC5(C)C4CCC3(C)C2C1C)COC1OC(CO)C(O)C(O)C1O,CC1C2C(CC3C2(CCC4C3CC=C5C4(CCC(C5)OC6C(C(C(C(O6)COC7C(C(C(C(O7)CO)O)O)OC8C(C(C(C(O8)C)O)O)O)O)O)O)C)C)OC1(CCC(C)COC9C(C(C(C(O9)CO)O)O)O)O,"2-[4,5-dihydroxy-6-(hydroxymethyl)-2-[[3,4,5-trihydroxy-6-[[6-hydroxy-7,9,13-trimethyl-6-[3-methyl-4-[3,4,5-trihydroxy-6-(hydroxymethyl)oxan-2-yl]oxybutyl]-5-oxapentacyclo[10.8.0.02,9.04,8.013,18]icos-18-en-16-yl]oxy]oxan-2-yl]methoxy]oxan-3-yl]oxy-6-methyloxane-3,4,5-triol",1065.2,C51H84O23,BHXVNJJNKMZPQB-UHFFFAOYSA-N,True,True,,,PubChem,auto
131752408,CC(CCC1(O)OC2CC3C4CC=C5CC(OC6OC(COC7OC(CO)C(OC8OCC(O)C(O)C8O)C(O)C7OC7OC(C)C(O)C(O)C7O)C(O)C(O)C6O)CCC5(C)C4CCC3(C)C2C1C)COC1OC(CO)C(O)C(O)C1O,CC1C2C(CC3C2(CCC4C3CC=C5C4(CCC(C5)OC6C(C(C(C(O6)COC7C(C(C(C(O7)CO)OC8C(C(C(CO8)O)O)O)O)OC9C(C(C(C(O9)C)O)O)O)O)O)O)C)C)OC1(CCC(C)COC1C(C(C(C(O1)CO)O)O)O)O,"2-[4-hydroxy-6-(hydroxymethyl)-2-[[3,4,5-trihydroxy-6-[[6-hydroxy-7,9,13-trimethyl-6-[3-methyl-4-[3,4,5-trihydroxy-6-(hydroxymethyl)oxan-2-yl]oxybutyl]-5-oxapentacyclo[10.8.0.02,9.04,8.013,18]icos-18-en-16-yl]oxy]oxan-2-yl]methoxy]-5-(3,4,5-trihydroxyoxan-2-yl)oxyoxan-3-yl]oxy-6-methyloxane-3,4,5-triol",1197.3,C56H92O27,BTKYWGCMCQREJD-UHFFFAOYSA-N,True,True,,,PubChem,auto
131752505,CC1CCC2(OC1)OC1CC3C4CC=C5CC(OC6OC(CO)C(O)C(O)C6OC6OC(C)C(O)C(O)C6O)C(O)CC5(C)C4CCC3(C)C1C2C,CC1CCC2(C(C3C(O2)CC4C3(CCC5C4CC=C6C5(CC(C(C6)OC7C(C(C(C(O7)CO)O)O)OC8C(C(C(C(O8)C)O)O)O)O)C)C)C)OC1,"2-[4,5-dihydroxy-6-(hydroxymethyl)-2-(15-hydroxy-5',7,9,13-tetramethylspiro[5-oxapentacyclo[10.8.0.02,9.04,8.013,18]icos-18-ene-6,2'-oxane]-16-yl)oxyoxan-3-yl]oxy-6-methyloxane-3,4,5-triol",738.9,C39H62O13,JLHNRUIVXOGFRP-UHFFFAOYSA-N,True,True,,,PubChem,auto
131752991,CC1CCC2(OC1)OC1CC3C4CC=C5CC(OC6OC(CO)C(O)C(OC7OC(C)C(OC8OC(CO)C(O)C(O)C8O)C(O)C7O)C6OC6OC(CO)C(OC7OC(CO)C(O)C(O)C7O)C(O)C6O)CCC5(C)C4CCC3(C)C1C2C,CC1CCC2(C(C3C(O2)CC4C3(CCC5C4CC=C6C5(CCC(C6)OC7C(C(C(C(O7)CO)O)OC8C(C(C(C(O8)C)OC9C(C(C(C(O9)CO)O)O)O)O)O)OC2C(C(C(C(O2)CO)OC2C(C(C(C(O2)CO)O)O)O)O)O)C)C)C)OC1,"2-[6-[5-[3,4-dihydroxy-6-(hydroxymethyl)-5-[3,4,5-trihydroxy-6-(hydroxymethyl)oxan-2-yl]oxyoxan-2-yl]oxy-3-hydroxy-2-(hydroxymethyl)-6-(5',7,9,13-tetramethylspiro[5-oxapentacyclo[10.8.0.02,9.04,8.013,18]icos-18-ene-6,2'-oxane]-16-yl)oxyoxan-4-yl]oxy-4,5-dihydroxy-2-methyloxan-3-yl]oxy-6-(hydroxymethyl)oxane-3,4,5-triol",1209.3,C57H92O27,FFTWIVOEQHKWJW-UHFFFAOYSA-N,True,True,,,PubChem,auto
